date,time,artist,title,genre,deezer_link,youtube_added,youtube_video_id
2026-09-05,Live,The Shamen,Ebeneezer Goode,Unknown,https://www.deezer.com/track/2629683362,yes,7b2T8K2D-ps
2026-09-05,12:59,PJ Harvey,Down By The Water,Unknown,https://www.deezer.com/track/1169910,yes,lbq4G1TjKYg
2026-09-05,12:57,Everlast,Stones,Unknown,https://www.deezer.com/track/3911070751,yes,VRKREJV6f-I
2026-09-05,12:45,House of Pain,Jump Around,Unknown,https://www.deezer.com/track/1584589772,pending,
2026-09-05,12:37,Del Amitri,Roll To Me,Unknown,https://www.deezer.com/track/2528644,pending,
2026-09-05,12:34,Lisa Loeb & Nine Stories,Stay (I Missed You),Unknown,https://www.deezer.com/track/2090267,pending,
2026-09-05,12:12,The O’Jays,Now That We Found Love,Unknown,https://www.deezer.com/track/609006,pending,
2026-09-05,12:10,Texas,Summer Son,Unknown,https://www.deezer.com/track/2099312287,pending,
2026-09-05,12:04,Hanson,MMMBop,Unknown,https://www.deezer.com/track/88685889,pending,
2026-09-05,11:56,The Firm,Star Trekkin',Unknown,https://www.deezer.com/track/3430911301,pending,
2026-09-05,11:52,Simple Minds,Someone Somewhere In Summertime,Unknown,https://www.deezer.com/track/129310854,pending,
2026-09-05,11:48,Belinda Carlisle,Heaven Is A Place On Earth,Unknown,https://www.deezer.com/track/24968371,pending,
2026-09-05,11:43,DeBarge,Rhythm Of The Night,Unknown,https://www.deezer.com/track/75392184,pending,
2026-09-05,11:36,Queen,Hammer To Fall,Unknown,https://www.deezer.com/track/716513582,pending,
2026-09-05,11:35,Queen,A Kind Of Magic,Unknown,https://www.deezer.com/track/4092326581,pending,
2026-09-05,11:33,Queen,The Invisible Man,Unknown,https://www.deezer.com/track/716513572,pending,
2026-09-05,11:32,Queen,One Vision,Unknown,https://www.deezer.com/track/4091934321,pending,
2026-09-05,11:32,Queen,I Want It All,Unknown,https://www.deezer.com/track/716513482,pending,
2026-09-05,11:31,Queen,Flash,Unknown,https://www.deezer.com/track/4092336171,pending,
2026-09-05,11:30,Queen,Radio Ga Ga,Unknown,https://www.deezer.com/track/716513472,pending,
2026-09-05,11:29,Queen,Another One Bites The Dust,Unknown,https://www.deezer.com/track/4092324041,pending,
2026-09-05,11:26,Queen & David Bowie,Under Pressure,Unknown,https://www.deezer.com/track/4091932171,pending,
2026-09-05,11:25,Queen,I Want To Break Free,Unknown,https://www.deezer.com/track/716513492,pending,
2026-09-05,11:24,Queen,Who Wants To Live Forever,Unknown,https://www.deezer.com/track/4091936761,pending,
2026-09-05,11:18,Sinéad O’Connor,Mandinka,Unknown,https://www.deezer.com/track/1787569277,pending,
2026-09-05,11:13,The Smiths,Bigmouth Strikes Again,Unknown,https://www.deezer.com/track/416477062,pending,
2026-09-05,11:03,Frankie Goes to Hollywood,Rage Hard,Unknown,https://www.deezer.com/track/478187282,pending,
2026-09-05,10:50,Boy Meets Girl,Waiting For A Star To Fall,Unknown,https://www.deezer.com/track/471297912,pending,
2026-09-05,10:43,UB40,One In Ten,Unknown,https://www.deezer.com/track/3167610,pending,
2026-09-05,10:33,Jane Child,Don't Wanna Fall in Love,Unknown,https://www.deezer.com/track/752328,pending,
2026-09-05,10:29,Duran Duran,The Chauffeur (Blue Silver),Unknown,https://www.deezer.com/track/4127483,pending,
2026-09-05,10:28,The Specials,"Friday Night, Saturday Morning",Unknown,https://www.deezer.com/track/1787369037,pending,
2026-09-05,10:27,The Human League,Seconds,Unknown,https://www.deezer.com/track/3092938,pending,
2026-09-05,10:12,Pretenders,Message Of Love,Unknown,https://www.deezer.com/track/1519610712,pending,
2026-09-05,10:08,Prince,Batdance,Unknown,https://www.deezer.com/track/3917698,pending,
2026-09-05,10:04,Rob ’n’ Raz,Got to Get (feat. Leila K),Unknown,https://www.deezer.com/track/71060664,pending,
2026-09-05,09:54,Pete Heller,Big Love,Unknown,https://www.deezer.com/track/3232086521,pending,
2026-09-05,09:46,Joel Corry & MNEK,Head & Heart,Unknown,https://www.deezer.com/track/1006845912,pending,
2026-09-05,09:36,Mica Millar,Oh Freedom,Unknown,https://www.deezer.com/track/3879216161,pending,
2026-09-05,09:35,Fatboy Slim,"Right Here, Right Now",Unknown,https://www.deezer.com/track/15686769,pending,
2026-09-05,09:35,Stardust,Music Sounds Better With You,Unknown,https://www.deezer.com/track/695110942,pending,
2026-09-05,09:35,Corona,The Rhythm Of The Night,Unknown,https://www.deezer.com/track/3685508042,pending,
2026-09-05,09:27,Dizzee Rascal & Armand van Helden,Bonkers,Unknown,https://www.deezer.com/track/15640851,pending,
2026-09-05,09:20,Underworld,Born Slippy,Unknown,https://www.deezer.com/track/82265248,pending,
2026-09-05,09:14,Bruno Mars,Finesse (Remix) (feat. Cardi B),Unknown,https://www.deezer.com/track/444333332,pending,
2026-09-05,09:08,Remember Monday,Attention,Unknown,https://www.deezer.com/track/4158555402,pending,
2026-09-05,09:05,M People,One Night In Heaven,Unknown,https://www.deezer.com/track/600159,pending,
2026-09-05,08:58,David Guetta,Stay (Don't Go Away) (feat. RAYE),Unknown,https://www.deezer.com/track/675600272,pending,
2026-09-05,08:51,The O’Jays,Love Train,Unknown,https://www.deezer.com/track/13183903,pending,
2026-09-05,08:40,Lulu,I'm In Love Again,Unknown,https://www.deezer.com/track/4190967732,pending,
2026-09-05,08:31,Robbie Williams,Let Me Entertain You,Unknown,https://www.deezer.com/track/3087542,pending,
2026-09-05,08:21,Donna Summer,On The Radio,Unknown,https://www.deezer.com/track/487042452,pending,
2026-09-05,08:13,Jack Savoretti,The One,Unknown,https://www.deezer.com/track/4179418112,pending,
2026-09-05,08:05,Madonna,Beautiful Stranger,Unknown,https://www.deezer.com/track/5510722,pending,
2026-09-05,07:56,Blue,Too Close,Unknown,https://www.deezer.com/track/3152235,pending,
2026-09-05,07:53,Sugababes,Freak Like Me,Unknown,https://www.deezer.com/track/1104525,pending,
2026-09-05,07:50,Rednex,Cotton Eye Joe,Unknown,https://www.deezer.com/track/674051382,pending,
2026-09-05,07:42,James Blunt,Tastes Like Summer,Unknown,https://www.deezer.com/track/4183195462,pending,
2026-09-05,07:36,Baby D,Let Me Be Your Fantasy,Unknown,https://www.deezer.com/track/3703599522,pending,
2026-09-05,07:23,Chaka Khan,Chakzilla,Unknown,https://www.deezer.com/track/4061641781,pending,
2026-09-05,07:14,Barry Can't Swim,Dance Dance Dance!,Unknown,https://www.deezer.com/track/3953713231,pending,
2026-09-05,07:14,Texas,Say What You Want,Unknown,https://www.deezer.com/track/2099312577,pending,
2026-09-05,07:10,Pet Shop Boys & Dusty Springfield,What Have I Done To Deserve This?,Unknown,https://www.deezer.com/track/1912802437,pending,
2026-09-05,06:57,Phil Collins,You Can't Hurry Love,Unknown,https://www.deezer.com/track/134036220,pending,
2026-09-05,06:53,Natasha Bedingfield,Dot Dot Dot,Unknown,https://www.deezer.com/track/4174680872,pending,
2026-09-05,06:49,Livin’ Joy,Don't Stop Movin',Unknown,https://www.deezer.com/track/477388432,pending,
2026-09-05,06:45,Take That,Patience,Unknown,https://www.deezer.com/track/1574788,pending,
2026-09-05,06:42,Portugal. The Man,Feel It Still,Unknown,https://www.deezer.com/track/371593461,pending,
2026-09-05,06:32,Koe Wetzel & Ella Langley,Jaded,Unknown,https://www.deezer.com/track/4203392972,pending,
2026-09-05,06:17,Mike the Mechanics,Over My Shoulder,Unknown,https://www.deezer.com/track/89591963,pending,
2026-09-05,06:03,Gwen Stefani & Akon,The Sweet Escape,Unknown,https://www.deezer.com/track/7553575,pending,
2026-09-05,05:53,Train,"Hey, Soul Sister",Unknown,https://www.deezer.com/track/563683852,pending,
2026-09-05,05:40,D:Ream,Things Can Only Get Better,Unknown,https://www.deezer.com/track/3388506901,pending,
2026-09-05,05:36,The Human League,Don't You Want Me,Unknown,https://www.deezer.com/track/3092940,pending,
2026-09-05,05:23,KATSEYE,ANIMAL,Unknown,https://www.deezer.com/track/4159582602,pending,
2026-09-05,05:20,Ed Sheeran,Azizam,Unknown,https://www.deezer.com/track/3303979891,pending,
2026-09-05,05:13,Spice Girls,Who Do You Think You Are,Unknown,https://www.deezer.com/track/3133744,pending,
2026-09-05,05:10,Martin Garrix & U2,Fireflies,Unknown,https://www.deezer.com/track/4142452541,pending,
2026-09-05,05:03,Pharrell Williams,Happy,Unknown,https://www.deezer.com/track/701326562,pending,
2026-09-05,04:57,Lenny Kravitz,It Ain't Over 'til It's Over,Unknown,https://www.deezer.com/track/3151232,pending,
2026-09-05,04:51,Queen,We Are The Champions,Unknown,https://www.deezer.com/track/716513442,pending,
2026-09-05,04:46,KAROL G & Bruno Mars,Still,Unknown,https://www.deezer.com/track/4208859872,pending,
2026-09-05,04:35,Missy Elliott,Work It,Unknown,https://www.deezer.com/track/663571,pending,
2026-09-05,04:33,N.W.A,Express Yourself,Unknown,https://www.deezer.com/track/750107172,pending,
2026-09-05,04:31,Beyoncé,Naughty Girl,Unknown,https://www.deezer.com/track/609372,pending,
2026-09-05,04:29,Amerie,1 Thing,Unknown,https://www.deezer.com/track/2553109,pending,
2026-09-05,04:28,Jill Scott,Golden,Unknown,https://www.deezer.com/track/558529272,pending,
2026-09-05,04:27,OutKast,Ms Jackson,Unknown,https://www.deezer.com/track/963042,pending,
2026-09-05,04:26,Dr. Dre & Snoop Dogg,Nuthin' But A G Thang,Unknown,https://www.deezer.com/track/2132919007,pending,
2026-09-05,04:25,T.I.,Why You Wanna,Unknown,https://www.deezer.com/track/383740991,pending,
2026-09-05,04:25,50 Cent,In Da Club,Unknown,https://www.deezer.com/track/145429536,pending,
2026-09-05,04:24,Aaliyah,Try Again,Unknown,https://www.deezer.com/track/3380594501,pending,
2026-09-05,04:23,Mary J. Blige,Family Affair,Unknown,https://www.deezer.com/track/1161679,pending,
2026-09-05,04:23,Fat Joe,What's Luv? (feat. Ashanti),Unknown,https://www.deezer.com/track/3905124,pending,
2026-09-05,04:22,Eve,Who's That Girl?,Unknown,https://www.deezer.com/track/1089860,pending,
2026-09-05,04:21,TLC,No Scrubs,Unknown,https://www.deezer.com/track/1075781,pending,
2026-09-05,04:19,Frank Sinatra & Tony Bennett,"New York, New York",Unknown,https://www.deezer.com/track/139902529,pending,
2026-09-05,04:14,Nelly Furtado,I'm Like A Bird,Unknown,https://www.deezer.com/track/24165101,pending,
2026-09-05,04:10,Carly Rae Jepsen,Don't Leave Me On The Dance Floor,Unknown,https://www.deezer.com/track/4199642672,pending,
2026-09-05,04:03,Belinda Carlisle,We Want The Same Thing,Unknown,https://www.deezer.com/track/1853813587,pending,
2026-09-05,03:57,The Brand New Heavies,Midnight At The Oasis,Unknown,https://www.deezer.com/track/1349659832,pending,
2026-09-05,03:53,The Jacksons,I Want You Back,Unknown,https://www.deezer.com/track/3967022541,pending,
2026-09-05,03:50,Junior Senior,Move Your Feet,Unknown,https://www.deezer.com/track/597208142,pending,
2026-09-05,03:38,Blue,You Should Know,Unknown,https://www.deezer.com/track/71625026,pending,
2026-09-05,03:14,MIKA,Grace Kelly,Unknown,https://www.deezer.com/track/646870592,pending,
2026-09-05,03:03,Whitney Houston,So Emotional,Unknown,https://www.deezer.com/track/75981532,pending,
2026-09-05,02:58,Bob Marley & The Wailers,Buffalo Soldier,Unknown,https://www.deezer.com/track/2237439,pending,
2026-09-05,02:41,Ella Langley,Choosin' Texas,Unknown,https://www.deezer.com/track/3602074142,pending,
2026-09-05,02:37,Toby Lee,Work You Out,Unknown,https://www.deezer.com/track/4155115572,pending,
2026-09-05,02:03,David Guetta,When Love Takes Over (feat. Kelly Rowland),Unknown,https://www.deezer.com/track/2531104141,pending,
2026-09-05,01:50,Timbuk 3,"The Future's So Bright, I Gotta Wear Shades",Unknown,https://www.deezer.com/track/3235520,pending,
2026-09-05,01:49,Chris Stapleton,Joy Of My Life,Unknown,https://www.deezer.com/track/1133364482,pending,
2026-09-05,01:13,Elvis Presley,(Marie's the Name) His Latest Flame,Unknown,https://www.deezer.com/track/1055478,pending,
2026-09-05,00:56,The KLF,What Time Is Love?,Unknown,https://www.deezer.com/track/45715371,pending,
2026-09-05,00:52,Johnny Marr,It's Time,Unknown,https://www.deezer.com/track/4230399992,pending,
2026-09-05,00:33,Amy Winehouse,Tears Dry (Alternative Demo),Unknown,https://www.deezer.com/track/4230501602,pending,
2026-09-05,00:17,Scorpions,Wind Of Change,Unknown,https://www.deezer.com/track/927900,pending,
2026-09-05,00:06,The Rolling Stones,Start Me Up,Unknown,https://www.deezer.com/track/4125592,pending,
2026-09-06,Live,Chaka Khan,I Feel For You,Unknown,https://www.deezer.com/track/685227,pending,
2026-09-06,17:07,Chaka Khan,Ain't Nobody,Unknown,https://www.deezer.com/track/776220,pending,
2026-09-06,16:59,Cast,Fine Time,Unknown,https://www.deezer.com/track/2162269,pending,
2026-09-06,16:56,Lulu,Shout,Unknown,https://www.deezer.com/track/2486976,pending,
2026-09-06,16:51,Appleton,Don't Worry,Unknown,https://www.deezer.com/track/2338773985,pending,
2026-09-06,16:47,Jack Savoretti,Love Is On The Line,Unknown,https://www.deezer.com/track/3788326792,pending,
2026-09-06,16:40,Chaka Khan,I'm Every Woman,Unknown,https://www.deezer.com/track/4091349,pending,
2026-09-06,16:32,Level 42,Something About You,Unknown,https://www.deezer.com/track/92871828,pending,
2026-09-06,16:28,Blue,All Rise,Unknown,https://www.deezer.com/track/3401078,pending,
2026-09-06,16:24,The Script,Breakeven,Unknown,https://www.deezer.com/track/15041869,pending,
2026-09-06,16:20,Emeli Sandé,Next To Me,Unknown,https://www.deezer.com/track/41097831,pending,
2026-09-06,16:16,Simple Minds,Don't You (Forget About Me),Unknown,https://www.deezer.com/track/5079647,pending,
2026-09-06,16:12,James Blunt,1973,Unknown,https://www.deezer.com/track/3657902,pending,
2026-09-06,16:09,ABC,The Look Of Love,Unknown,https://www.deezer.com/track/1581974,pending,
2026-09-06,16:03,Deacon Blue,Real Gone Kid,Unknown,https://www.deezer.com/track/1037287,pending,
2026-09-06,15:56,Suede,Beautiful Ones,Unknown,https://www.deezer.com/track/1206873902,pending,
2026-09-06,15:53,Pulp,Something Changed,Unknown,https://www.deezer.com/track/910082,pending,
2026-09-06,15:50,Blur,End Of A Century,Unknown,https://www.deezer.com/track/44134621,pending,
2026-09-06,15:46,Oasis,She's Electric,Unknown,https://www.deezer.com/track/987053302,pending,
2026-09-06,15:43,Nirvana,On A Plain,Unknown,https://www.deezer.com/track/13693494,pending,
2026-09-06,15:39,R.E.M.,Near Wild Heaven,Unknown,https://www.deezer.com/track/136334564,pending,
2026-09-06,15:35,R.E.M.,Losing My Religion,Unknown,https://www.deezer.com/track/136334560,pending,
2026-09-06,15:28,Garbage,Push It,Unknown,https://www.deezer.com/track/514401972,pending,
2026-09-06,15:25,Beck,Devils Haircut,Unknown,https://www.deezer.com/track/971422832,pending,
2026-09-06,15:20,The Charlatans,One To Another,Unknown,https://www.deezer.com/track/620486532,pending,
2026-09-06,15:16,Manic Street Preachers,If You Tolerate This Your Children Will Be Next,Unknown,https://www.deezer.com/track/402082432,pending,
2026-09-06,15:12,Sleeper,What Do I Do Now?,Unknown,https://www.deezer.com/track/13147898,pending,
2026-09-06,15:09,Red Hot Chili Peppers,Scar Tissue,Unknown,https://www.deezer.com/track/725254,pending,
2026-09-06,15:04,Radiohead,Airbag,Unknown,https://www.deezer.com/track/138539971,pending,
2026-09-06,14:53,Jennifer Paige,Crush,Unknown,https://www.deezer.com/track/67576433,pending,
2026-09-06,14:49,Betty Boo,Where Are You Baby?,Unknown,https://www.deezer.com/track/7398667,pending,
2026-09-06,14:46,Mariah Carey,Dreamlover (Def Club Mix Edit),Unknown,https://www.deezer.com/track/1039125522,pending,
2026-09-06,14:42,Blue Pearl,Naked In The Rain,Unknown,https://www.deezer.com/track/138734133,pending,
2026-09-06,14:38,Undercover,Baker Street,Unknown,https://www.deezer.com/track/78304409,pending,
2026-09-06,14:35,DJ Jean,The Launch,Unknown,https://www.deezer.com/track/1365099792,pending,
2026-09-06,14:32,Dr. Alban,It's My Life,Unknown,https://www.deezer.com/track/3801448032,pending,
2026-09-06,14:28,Snap!,Rhythm Is A Dancer,Unknown,https://www.deezer.com/track/3785942552,pending,
2026-09-06,14:18,Urban Cookie Collective,The Key: The Secret,Unknown,https://www.deezer.com/track/67990537,pending,
2026-09-06,14:16,The Prodigy,Charly (Alley Cat Mix),Unknown,https://www.deezer.com/track/937488,pending,
2026-09-06,14:07,De’Lacy,Hideaway (Deep Dish Remix),Unknown,https://www.deezer.com/track/2872898902,pending,
2026-09-06,13:57,Wet Wet Wet,Love Is All Around,Unknown,https://www.deezer.com/track/2963317,pending,
2026-09-06,13:52,All Saints,Bootie Call,Unknown,https://www.deezer.com/track/805882,pending,
2026-09-06,13:47,Sandy B,Make The World Go Round,Unknown,https://www.deezer.com/track/831504722,pending,
2026-09-06,13:43,Sheryl Crow,My Favorite Mistake,Unknown,https://www.deezer.com/track/483557692,pending,
2026-09-06,13:37,Eternal,Power of a Woman,Unknown,https://www.deezer.com/track/385315411,pending,
2026-09-06,13:33,Artemesia,Bits And Pieces,Unknown,https://www.deezer.com/track/491719152,pending,
2026-09-06,13:23,Maxx,Get-A-Way,Unknown,https://www.deezer.com/track/16204632,pending,
2026-09-06,13:16,Sabrina Johnston,Peace,Unknown,https://www.deezer.com/track/3640012262,pending,
2026-09-06,13:12,Matthew Marsden,The Heart's Lone Desire,Unknown,https://www.deezer.com/track/132031300,pending,
2026-09-06,13:07,Chaka Demus & Pliers,Tease Me,Unknown,https://www.deezer.com/track/1178331,pending,
2026-09-07,17:23,Just Jack,Starz In Their Eyes,Unknown,https://www.deezer.com/track/2594651,pending,
2026-09-07,17:19,Alison Moyet,Love Resurrection,Unknown,https://www.deezer.com/track/4300730,pending,
2026-09-07,17:14,Irene Cara,Fame,Unknown,https://www.deezer.com/track/647797132,pending,
2026-09-07,16:57,R.E.M.,The Sidewinder Sleeps Tonite,Unknown,https://www.deezer.com/track/121921370,pending,
2026-09-07,16:52,Dan Shay,Marry You Again,Unknown,https://www.deezer.com/track/4090657901,pending,
2026-09-07,16:49,Shakira,"Whenever, Wherever",Unknown,https://www.deezer.com/track/15211178,pending,
2026-09-07,16:45,Pulp,Common People,Unknown,https://www.deezer.com/track/910074,pending,
2026-09-07,16:28,George Ezra,Shotgun,Unknown,https://www.deezer.com/track/472898512,pending,
2026-09-07,16:22,Shalamar,A Night To Remember,Unknown,https://www.deezer.com/track/656607922,pending,
2026-09-07,16:13,CeeLo Green,Forget You,Unknown,https://www.deezer.com/track/7303270,pending,
2026-09-07,16:07,Deniece Williams,Let's Hear It For The Boy,Unknown,https://www.deezer.com/track/5404556,pending,
2026-09-07,16:04,Beyoncé,Single Ladies (Put A Ring On It),Unknown,https://www.deezer.com/track/2485118,pending,
2026-09-07,15:56,Barry Manilow,Mandy,Unknown,https://www.deezer.com/track/548250,pending,
2026-09-07,15:54,LEN,Steal My Sunshine,Unknown,https://www.deezer.com/track/82682432,pending,
2026-09-07,15:49,Let Loose,Crazy For You,Unknown,https://www.deezer.com/track/77325534,pending,
2026-09-07,15:45,Peter Cetera,Glory Of Love,Unknown,https://www.deezer.com/track/2627636,pending,
2026-09-07,15:42,Barbra Streisand,"Evergreen (Love Theme From ""A Star Is Born"")",Unknown,https://www.deezer.com/track/848945,pending,
2026-09-07,15:39,Breathe,Hands To Heaven,Unknown,https://www.deezer.com/track/4220963,pending,
2026-09-07,15:34,Martika,Toy Soldiers,Unknown,https://www.deezer.com/track/899944,pending,
2026-09-07,15:32,Richard Marx,Endless Summer Nights,Unknown,https://www.deezer.com/track/3087485,pending,
2026-09-07,15:25,Carpenters,(They Long To Be) Close To You,Unknown,https://www.deezer.com/track/539193232,pending,
2026-09-07,15:21,Whitney Houston,Run To You,Unknown,https://www.deezer.com/track/7675406,pending,
2026-09-07,15:15,George Michael,Faith,Unknown,https://www.deezer.com/track/8146779,pending,
2026-09-07,15:11,Nu Shooz,I Can't Wait,Unknown,https://www.deezer.com/track/4070206351,pending,
2026-09-07,15:07,Sheryl Crow,All I Wanna Do,Unknown,https://www.deezer.com/track/922014,pending,
2026-09-07,15:04,Eric Carmen,Hungry Eyes,Unknown,https://www.deezer.com/track/1043544,pending,
2026-09-07,14:55,Take That,Back For Good,Unknown,https://www.deezer.com/track/848836952,pending,
2026-09-07,14:53,The Beatles,Blackbird,Unknown,https://www.deezer.com/track/116348212,pending,
2026-09-07,14:48,Appleton,Monster,Unknown,https://www.deezer.com/track/4051360771,pending,
2026-09-07,14:43,Gregory Abbott,Shake You Down,Unknown,https://www.deezer.com/track/851161,pending,
2026-09-07,14:39,Nik Kershaw,Wouldn't It Be Good,Unknown,https://www.deezer.com/track/1174769,pending,
2026-09-07,14:34,Leona Lewis,Better In Time,Unknown,https://www.deezer.com/track/365070,pending,
2026-09-07,14:30,ABC,High & Dry,Unknown,https://www.deezer.com/track/111148006,pending,
2026-09-07,14:25,Diana Ross,One Shining Moment,Unknown,https://www.deezer.com/track/2602283,pending,
2026-09-07,14:22,The Streets,Dry Your Eyes,Unknown,https://www.deezer.com/track/823135,pending,
2026-09-07,14:16,Sam Smith,Constant Companion,Unknown,https://www.deezer.com/track/4222881662,pending,
2026-09-07,14:12,Roberta Flack,The First Time Ever I Saw Your Face,Unknown,https://www.deezer.com/track/14615239,pending,
2026-09-07,14:07,Sounds of Blackness,Optimistic,Unknown,https://www.deezer.com/track/2525835,pending,
2026-09-07,14:04,Dan Hartman,I Can Dream About You,Unknown,https://www.deezer.com/track/2767030641,pending,
2026-09-07,13:56,James Baskett,Zip-A-Dee-Doo-Dah,Unknown,https://www.deezer.com/track/677778472,pending,
2026-09-07,13:50,Crash Test Dummies,Mmm Mmm Mmm Mmm,Unknown,https://www.deezer.com/track/15606414,pending,
2026-09-07,13:47,Iron Butterfly,In-A-Gadda-Da-Vida,Unknown,https://www.deezer.com/track/2680926,pending,
2026-09-07,13:43,Otis Redding,Fa-Fa-Fa-Fa-Fa (Sad Song),Unknown,https://www.deezer.com/track/722635,pending,
2026-09-07,13:40,Crystal Waters,Gypsy Woman (La Da Dee),Unknown,https://www.deezer.com/track/1926865677,pending,
2026-09-07,13:35,Lady Gaga,Bad Romance,Unknown,https://www.deezer.com/track/4601933,pending,
2026-09-07,13:30,Manu Dibango,Soul Makossa,Unknown,https://www.deezer.com/track/564564462,pending,
2026-09-07,13:27,Stevie Wonder,Shoo Be Doo Be Doo Da Day,Unknown,https://www.deezer.com/track/6821065,pending,
2026-09-07,13:23,Steam,Na Na Hey Hey Kiss Him Goodbye,Unknown,https://www.deezer.com/track/936550902,pending,
2026-09-07,13:19,Las Ketchup,Aserejé (The Ketchup Song),Unknown,https://www.deezer.com/track/476739462,pending,
2026-09-07,13:08,The Edsels,Rama Lama Ding Dong,Unknown,https://www.deezer.com/track/2070824,pending,
2026-09-07,13:03,Phil Collins,Sussudio,Unknown,https://www.deezer.com/track/122014992,pending,
2026-09-07,12:54,Des O’Connor,Dick A Dum Dum,Unknown,https://www.deezer.com/track/3437375,pending,
2026-09-07,12:51,The Kingsmen,Louie Louie,Unknown,https://www.deezer.com/track/1601661,pending,
2026-09-07,12:48,Sam the Sham & the Pharaohs,Wooly Bully,Unknown,https://www.deezer.com/track/1844097487,pending,
2026-09-07,12:44,Little Richard,Tutti Frutti,Unknown,https://www.deezer.com/track/2255868557,pending,
2026-09-07,12:41,The Beatles,"Ob-La-Di, Ob-La-Da",Unknown,https://www.deezer.com/track/116348198,pending,
2026-09-07,12:38,The Rolling Stones,Doo Doo Doo Doo Doo (Heartbreaker),Unknown,https://www.deezer.com/track/4124758,pending,
2026-09-07,12:34,Trio,Da Da Da,Unknown,https://www.deezer.com/track/2531327,pending,
2026-09-07,12:30,The Police,"De Do Do Do, De Da Da Da",Unknown,https://www.deezer.com/track/2525870,pending,
2026-09-07,12:27,The Crystals,Da Doo Ron Ron,Unknown,https://www.deezer.com/track/4156414332,pending,
2026-09-07,12:23,Kool & the Gang,"Let's Go Dancin' (Ooh La, La, La)",Unknown,https://www.deezer.com/track/541624382,pending,
2026-09-07,12:20,Small Faces,Sha-La-La-La-Lee,Unknown,https://www.deezer.com/track/18250871,pending,
2026-09-07,12:16,Al Green,Sha La La (Make Me Happy),Unknown,https://www.deezer.com/track/458981662,pending,
2026-09-07,12:13,Manfred Mann,Sha La La,Unknown,https://www.deezer.com/track/2374713325,pending,
2026-09-07,12:10,Manfred Mann,Do Wah Diddy Diddy,Unknown,https://www.deezer.com/track/1930318867,pending,
2026-09-07,12:07,Piero Umiliani,Mah-Na Mah-Na,Unknown,https://www.deezer.com/track/3930400,pending,
2026-09-07,12:03,Gilbert O’Sullivan,Ooh-Wakka-Doo-Wakka-Day,Unknown,https://www.deezer.com/track/3783010932,pending,
2026-09-07,11:56,Debbie Ryvers,Risin' to the Top,Unknown,https://www.deezer.com/track/3834421501,pending,
2026-09-07,11:51,ABC,When Smokey Sings,Unknown,https://www.deezer.com/track/1174011,pending,
2026-09-07,11:48,Lou Rawls,You'll Never Find Another Love Like Mine,Unknown,https://www.deezer.com/track/15478568,pending,
2026-09-07,11:46,Jerry Lee Lewis,Great Balls of Fire,Unknown,https://www.deezer.com/track/1237678,pending,
2026-09-07,11:43,The Flowerpot Men,Let's Go To San Francisco,Unknown,https://www.deezer.com/track/1622212732,pending,
2026-09-07,11:39,ABBA,One Of Us,Unknown,https://www.deezer.com/track/76376886,pending,
2026-09-07,11:33,Nat King Cole,When I Fall In Love,Unknown,https://www.deezer.com/track/5380835,pending,
2026-09-07,11:30,Cupid’s Inspiration,Yesterday Has Gone,Unknown,https://www.deezer.com/track/1091364252,pending,
2026-09-07,11:21,Tommy Edwards,It's All In The Game,Unknown,https://www.deezer.com/track/568116562,pending,
2026-09-07,11:17,Chaka Khan & Snoop Dogg,Boogie's In My Soul,Unknown,https://www.deezer.com/track/4061641791,pending,
2026-09-07,11:14,Take That,Could It Be Magic,Unknown,https://www.deezer.com/track/802289402,pending,
2026-09-07,11:07,Barry White,September When I First Met You,Unknown,https://www.deezer.com/track/538013282,pending,
2026-09-07,10:55,Gorillaz,Dare,Unknown,https://www.deezer.com/track/3129413,pending,
2026-09-07,10:51,Rihanna,Pon De Replay,Unknown,https://www.deezer.com/track/2953166,pending,
2026-09-07,10:47,Daniel Powter,Bad Day,Unknown,https://www.deezer.com/track/6685848,pending,
2026-09-07,10:43,Oasis,The Importance Of Being Idle,Unknown,https://www.deezer.com/track/985938412,pending,
2026-09-07,10:38,Black Eyed Peas,Don't Lie,Unknown,https://www.deezer.com/track/7375559,pending,
2026-09-07,10:35,David Gray,The One I Love,Unknown,https://www.deezer.com/track/3546510641,pending,
2026-09-07,10:32,Les Rythmes Digitales,Jacques Your Body (Makes Me Sweat),Unknown,https://www.deezer.com/track/15698184,pending,
2026-09-07,10:27,James Blunt,You're Beautiful,Unknown,https://www.deezer.com/track/2659940,pending,
2026-09-07,10:24,Gwen Stefani,Cool,Unknown,https://www.deezer.com/track/2426754,pending,
2026-09-07,10:20,KT Tunstall,Suddenly I See,Unknown,https://www.deezer.com/track/3120617,pending,
2026-09-07,10:16,Kaiser Chiefs,I Predict A Riot,Unknown,https://www.deezer.com/track/2281571,pending,
2026-09-07,10:11,The White Stripes,My Doorbell,Unknown,https://www.deezer.com/track/1092293152,pending,
2026-09-07,10:08,Kelly Clarkson,Since U Been Gone,Unknown,https://www.deezer.com/track/15392707,pending,
2026-09-07,10:05,Goldfrapp,Ooh La La,Unknown,https://www.deezer.com/track/1014440232,pending,
2026-09-07,09:51,Five,Everybody Get Up,Unknown,https://www.deezer.com/track/991387,pending,
2026-09-07,09:46,Boyzone,No Matter What,Unknown,https://www.deezer.com/track/529009431,pending,
2026-09-07,09:34,Steps,One For Sorrow,Unknown,https://www.deezer.com/track/14348168,pending,
2026-09-07,09:30,Honeyz,Finally Found,Unknown,https://www.deezer.com/track/1365996952,pending,
2026-09-07,09:17,Savage Garden,To The Moon & Back,Unknown,https://www.deezer.com/track/15175146,pending,
2026-09-07,09:13,Aerosmith,I Don't Want To Miss A Thing,Unknown,https://www.deezer.com/track/70631608,pending,
2026-09-07,09:09,Faithless,God Is A DJ,Unknown,https://www.deezer.com/track/560281,pending,
2026-09-07,09:05,The Corrs,What Can I Do,Unknown,https://www.deezer.com/track/676149,pending,
2026-09-07,08:57,The Tams,Hey Girl Don't Bother Me,Unknown,https://www.deezer.com/track/396453592,pending,
2026-09-07,08:54,Buddy Holly,Peggy Sue,Unknown,https://www.deezer.com/track/627424552,pending,
2026-09-07,08:51,Frankie Miller,Be Good to Yourself,Unknown,https://www.deezer.com/track/1787669167,pending,
2026-09-07,08:47,Barry White,Let The Music Play,Unknown,https://www.deezer.com/track/540138302,pending,
2026-09-07,08:44,Chris Spedding,Motor Biking,Unknown,https://www.deezer.com/track/766868622,pending,
2026-09-07,08:40,Mott the Hoople,All The Young Dudes,Unknown,https://www.deezer.com/track/13149413,pending,
2026-09-07,08:31,Sex Pistols,Anarchy In The U.K.,Unknown,https://www.deezer.com/track/14639870,pending,
2026-09-07,08:20,Roxy Music,Pyjamarama,Unknown,https://www.deezer.com/track/3088623,pending,
2026-09-07,08:14,Rufus & Chaka Khan,Do You Love What You Feel,Unknown,https://www.deezer.com/track/2444200,pending,
2026-09-07,08:09,John Lennon,Jealous Guy,Unknown,https://www.deezer.com/track/7193836,pending,
2026-09-07,08:04,Nazareth,Broken Down Angel,Unknown,https://www.deezer.com/track/602456742,pending,
2026-09-07,07:30,Average White Band,Cut The Cake,Unknown,https://www.deezer.com/track/63400204,pending,
2026-09-07,07:25,Foreigner,Cold As Ice,Unknown,https://www.deezer.com/track/3659065,pending,
2026-09-07,07:20,ABBA,Dancing Queen,Unknown,https://www.deezer.com/track/884025,pending,
2026-09-07,07:14,Marvin Gaye,Let's Get It On,Unknown,https://www.deezer.com/track/2432823,pending,
2026-09-07,07:05,Candi Staton,Nights On Broadway,Unknown,https://www.deezer.com/track/4961548,pending,
2026-09-07,06:52,Alan Silvestri,Practical Magic,Unknown,https://www.deezer.com/track/4210349,pending,
2026-09-07,06:40,Joshua Henry,If I Loved You,Unknown,https://www.deezer.com/track/508364062,pending,
2026-09-07,06:25,Ben Platt,Words Fail,Unknown,https://www.deezer.com/track/141338463,pending,
2026-09-07,06:21,Barbara Dickson,Easy Terms,Unknown,https://www.deezer.com/track/1085736512,pending,
2026-09-07,06:08,Anika Noni Rose,Almost There,Unknown,https://www.deezer.com/track/534375642,pending,
2026-09-07,05:59,Elaine Paige,With One Look,Unknown,https://www.deezer.com/track/77991493,pending,
2026-09-07,05:51,The Orchestra,Entr'acte,Unknown,https://www.deezer.com/track/145384848,pending,
2026-09-07,05:44,Vangelis,Chariots of Fire,Unknown,https://www.deezer.com/track/41319291,pending,
2026-09-07,05:35,Renée Fleming,You'll Never Walk Alone,Unknown,https://www.deezer.com/track/508364142,pending,
2026-09-07,05:30,Jenn Colella & 'Come From Away' Company,Me And The Sky,Unknown,https://www.deezer.com/track/143785182,pending,
2026-09-07,05:26,'Come From Away' Company,Blankets And Bedding,Unknown,https://www.deezer.com/track/143785156,pending,
2026-09-07,05:16,Mandy Gonzalez,Breathe,Unknown,https://www.deezer.com/track/392424192,pending,
2026-09-07,04:57,Supergrass,Alright,Unknown,https://www.deezer.com/track/3786223702,pending,
2026-09-07,04:53,Queen,Killer Queen,Unknown,https://www.deezer.com/track/4091936641,pending,
2026-09-07,04:42,Lynyrd Skynyrd,Sweet Home Alabama,Unknown,https://www.deezer.com/track/24949681,pending,
2026-09-07,04:30,Olivia Rodrigo,stupid song,Unknown,https://www.deezer.com/track/4078104881,pending,
2026-09-07,04:18,Billy Joel,The River Of Dreams,Unknown,https://www.deezer.com/track/831291,pending,
2026-09-07,04:13,Bill Medley & Jennifer Warnes,(I've Had) The Time Of My Life,Unknown,https://www.deezer.com/track/93592720,pending,
2026-09-07,04:03,Phil Collins,Something Happened on the Way to Heaven,Unknown,https://www.deezer.com/track/126371729,pending,
2026-09-07,03:50,Elton John & Dua Lipa,Cold Heart,Unknown,https://www.deezer.com/track/1457025872,pending,
2026-09-07,03:27,David Bowie,Rebel Rebel,Unknown,https://www.deezer.com/track/141819823,pending,
2026-09-07,03:22,Keane,Somewhere Only We Know,Unknown,https://www.deezer.com/track/71967077,pending,
2026-09-07,03:16,The Bangles,Walk Like An Egyptian,Unknown,https://www.deezer.com/track/610231,pending,
2026-09-07,02:57,The Shirelles,Will You Love Me Tomorrow,Unknown,https://www.deezer.com/track/108313196,pending,
2026-09-07,02:52,Ms. Lauryn Hill,Ex-Factor,Unknown,https://www.deezer.com/track/400418882,pending,
2026-09-07,02:46,ABBA,The Winner Takes It All,Unknown,https://www.deezer.com/track/884035,pending,
2026-09-07,02:33,Angry Anderson,Suddenly,Unknown,https://www.deezer.com/track/3801343632,pending,
2026-09-07,02:28,McFly,All About You,Unknown,https://www.deezer.com/track/7554829,pending,
2026-09-07,02:20,Mariah Carey,Without You,Unknown,https://www.deezer.com/track/15178194,pending,
2026-09-07,02:15,Madonna,I'll Remember,Unknown,https://www.deezer.com/track/776919,pending,
2026-09-07,01:57,Lutricia McNeal,Stranded,Unknown,https://www.deezer.com/track/3134444531,pending,
2026-09-07,01:53,Al Green,Tired of Being Alone,Unknown,https://www.deezer.com/track/140302333,pending,
2026-09-07,01:48,Craig David,Walking Away,Unknown,https://www.deezer.com/track/143169114,pending,
2026-09-07,01:38,Leo Sayer,When I Need You,Unknown,https://www.deezer.com/track/3579639,pending,
2026-09-07,01:30,Tiffany,Could've Been,Unknown,https://www.deezer.com/track/65121043,pending,
2026-09-07,01:23,Tony Rich,Nobody Knows,Unknown,https://www.deezer.com/track/15411881,pending,
2026-09-07,01:19,Brownstone,If You Love Me,Unknown,https://www.deezer.com/track/2464784,pending,
2026-09-07,01:14,Atomic Kitten,Whole Again,Unknown,https://www.deezer.com/track/3233916,pending,
2026-09-07,01:05,Anita Baker,Sweet Love,Unknown,https://www.deezer.com/track/717534,pending,
2026-09-07,00:56,The Four Seasons,"December, 1963 (Oh, What A Night)",Unknown,https://www.deezer.com/track/2541824921,pending,
2026-09-07,00:52,Carly Simon,Howl,Unknown,https://www.deezer.com/track/4078863861,pending,
2026-09-07,00:49,Janet Jackson,Whoops Now,Unknown,https://www.deezer.com/track/3501671,pending,
2026-09-07,00:46,Harry Styles,Music For A Sushi Restaurant,Unknown,https://www.deezer.com/track/1756569567,pending,
2026-09-07,00:37,Sabrina Carpenter,Taste,Unknown,https://www.deezer.com/track/2954912511,pending,
2026-09-07,00:32,Whitney Houston,Love Will Save The Day,Unknown,https://www.deezer.com/track/75981530,pending,
2026-09-07,00:25,Meghan Trainor,Made You Look,Unknown,https://www.deezer.com/track/1965249667,pending,
2026-09-07,00:19,Coldplay,Adventure Of A Lifetime,Unknown,https://www.deezer.com/track/111482314,pending,
2026-09-07,00:15,Paul Young,Come Back and Stay,Unknown,https://www.deezer.com/track/582418,pending,
2026-09-07,00:05,Ronan Keating,Life Is A Rollercoaster,Unknown,https://www.deezer.com/track/2461239,pending,
2026-09-08,17:49,James Emmanuel,Bridge Over The Tears I've Cried,Unknown,https://www.deezer.com/track/4063095841,pending,
2026-09-08,17:45,Wilson Phillips,Hold On,Unknown,https://www.deezer.com/track/3090950,pending,
2026-09-08,17:38,Johnny Cash,Ring Of Fire,Unknown,https://www.deezer.com/track/1122192522,pending,
2026-09-08,17:34,Vanessa Carlton,A Thousand Miles,Unknown,https://www.deezer.com/track/983832,pending,
2026-09-08,17:29,Cher,If I Could Turn Back Time,Unknown,https://www.deezer.com/track/2307289,pending,
2026-09-08,17:20,Lady Gaga,Alejandro,Unknown,https://www.deezer.com/track/734508662,pending,
2026-09-08,17:17,Freda Payne,Band Of Gold,Unknown,https://www.deezer.com/track/12178238,pending,
2026-09-08,17:11,CeCe Peniston,Finally,Unknown,https://www.deezer.com/track/712071792,pending,
2026-09-08,17:04,Harry Styles,Golden,Unknown,https://www.deezer.com/track/830336912,pending,
2026-09-08,16:57,Cameo,Word Up,Unknown,https://www.deezer.com/track/2600934,pending,
2026-09-08,16:48,Talk Talk,It's My Life,Unknown,https://www.deezer.com/track/3257507,pending,
2026-09-08,16:44,Natalie Imbruglia,Upside Down,Unknown,https://www.deezer.com/track/3960447751,pending,
2026-09-08,16:41,Deacon Blue,Wages Day,Unknown,https://www.deezer.com/track/1037285,pending,
2026-09-08,16:32,Take That,These Days,Unknown,https://www.deezer.com/track/113412766,pending,
2026-09-08,16:23,Billy Ocean,"When the Going Gets Tough, the Tough Get Going",Unknown,https://www.deezer.com/track/6071028,pending,
2026-09-08,16:18,The Cardigans,My Favourite Game,Unknown,https://www.deezer.com/track/916525,pending,
2026-09-08,15:48,Aria,Home to You,Unknown,https://www.deezer.com/track/3657659702,pending,
2026-09-08,15:43,Niteflyte,If You Want It,Unknown,https://www.deezer.com/track/38249181,pending,
2026-09-08,15:39,Prince & The Revolution,Mountains,Unknown,https://www.deezer.com/track/1183597132,pending,
2026-09-08,15:30,Washington,Monday Blues,Unknown,https://www.deezer.com/track/4206278672,pending,
2026-09-08,15:25,Kelis,Jerk Ribs,Unknown,https://www.deezer.com/track/75141648,pending,
2026-09-08,15:21,The Three Degrees,The Runner,Unknown,https://www.deezer.com/track/3037364,pending,
2026-09-08,15:16,George Michael,Heal The Pain,Unknown,https://www.deezer.com/track/10392077,pending,
2026-09-08,15:07,D’Influence,I've Got My Mind Made Up,Unknown,https://www.deezer.com/track/3808800232,pending,
2026-09-08,15:03,Dazz Band,Let It All Blow,Unknown,https://www.deezer.com/track/2061624657,pending,
2026-09-08,14:58,William Bell,I Forgot To Be Your Lover,Unknown,https://www.deezer.com/track/1099185,pending,
2026-09-08,14:55,Queen,Cool Cat,Unknown,https://www.deezer.com/track/4091932161,pending,
2026-09-08,14:40,Martha Reeves and the Vandellas,Jimmy Mack,Unknown,https://www.deezer.com/track/2288142,pending,
2026-09-08,14:32,The Jones Girls,Nights Over Egypt,Unknown,https://www.deezer.com/track/92630272,pending,
2026-09-08,14:25,Simply Red,Thrill Me,Unknown,https://www.deezer.com/track/2551830,pending,
2026-09-08,14:20,Teddy Pendergrass,"The More I Get, the More I Want",Unknown,https://www.deezer.com/track/1644946212,pending,
2026-09-08,14:14,Breakwater,Say You Love Me Girl,Unknown,https://www.deezer.com/track/3190989151,pending,
2026-09-08,14:08,Toni Braxton,He Wasn't Man Enough,Unknown,https://www.deezer.com/track/963010,pending,
2026-09-08,14:04,Aswad,Shine,Unknown,https://www.deezer.com/track/857730702,pending,
2026-09-08,13:57,Rush,Crossroads,Unknown,https://www.deezer.com/track/71088981,pending,
2026-09-08,13:44,Muddy Waters & The Rolling Stones,Baby Please Don't Go (Live),Unknown,https://www.deezer.com/track/371632791,pending,
2026-09-08,13:24,AC/DC,Ride On,Unknown,https://www.deezer.com/track/92723014,pending,
2026-09-08,13:08,Led Zeppelin,I Can't Quit You Baby,Unknown,https://www.deezer.com/track/78621546,pending,
2026-09-08,13:03,The Hodge Podge,Tell Me Why U Do That,Unknown,https://www.deezer.com/track/2836983552,pending,
2026-09-08,12:56,Jake Xerxes Fussell,Boll Weevil,Unknown,https://www.deezer.com/track/4182464172,pending,
2026-09-08,12:53,Beck,In The Night,Unknown,https://www.deezer.com/track/4218436022,pending,
2026-09-08,12:44,Gloria Gaynor,I Am What I Am,Unknown,https://www.deezer.com/track/91325492,pending,
2026-09-08,12:35,Rostam,Back of a Truck,Unknown,https://www.deezer.com/track/3840886951,pending,
2026-09-08,12:31,The Slits,I Heard It Through The Grapevine,Unknown,https://www.deezer.com/track/1140839,pending,
2026-09-08,12:28,Quiet Light,You Say I Love You,Unknown,https://www.deezer.com/track/3770246842,pending,
2026-09-08,12:24,Blur,The Narcissist,Unknown,https://www.deezer.com/track/2363947085,pending,
2026-09-08,12:20,Fright Years,Never Been Wrong,Unknown,https://www.deezer.com/track/3968671091,pending,
2026-09-08,12:16,Simon & Garfunkel,Baby Driver,Unknown,https://www.deezer.com/track/13174770,pending,
2026-09-08,12:10,Gang of Youths,Things Take Time,Unknown,https://www.deezer.com/track/4178681772,pending,
2026-09-08,12:03,Justice,We Are Your Friends,Unknown,https://www.deezer.com/track/2100102627,pending,
2026-09-08,11:47,Supergrass,Sun Hits The Sky,Unknown,https://www.deezer.com/track/3803002462,pending,
2026-09-08,11:40,Chloe Slater,Southern Youth,Unknown,https://www.deezer.com/track/4033903291,pending,
2026-09-08,11:35,JAY-Z,Izzo (H.O.V.A.),Unknown,https://www.deezer.com/track/88195565,pending,
2026-09-08,11:27,David Bowie,China Girl,Unknown,https://www.deezer.com/track/565655092,pending,
2026-09-08,11:23,Lyn Collins,Think (About It),Unknown,https://www.deezer.com/track/131742244,pending,
2026-09-08,11:18,The Killers,All These Things That I've Done,Unknown,https://www.deezer.com/track/71955241,pending,
2026-09-08,11:13,No Doubt,Just A Girl,Unknown,https://www.deezer.com/track/24246271,pending,
2026-09-08,11:10,OK Go,Get Over It,Unknown,https://www.deezer.com/track/3151575,pending,
2026-09-08,11:07,Charli xcx,Apple,Unknown,https://www.deezer.com/track/2833834872,pending,
2026-09-08,11:04,Beastie Boys,Ch-Check It Out,Unknown,https://www.deezer.com/track/3091457,pending,
2026-09-08,10:52,Natalie Imbruglia,Just Drive,Unknown,https://www.deezer.com/track/3980922231,pending,
2026-09-08,10:47,The Cure,Close To Me,Unknown,https://www.deezer.com/track/409670312,pending,
2026-09-08,10:43,Lola Young,Messy,Unknown,https://www.deezer.com/track/2815968782,pending,
2026-09-08,10:40,The Proclaimers,I'm Gonna Be (500 Miles),Unknown,https://www.deezer.com/track/3111030,pending,
2026-09-08,10:38,Simple Minds,Sanctify Yourself,Unknown,https://www.deezer.com/track/114395316,pending,
2026-09-08,10:38,Big Country,In a Big Country,Unknown,https://www.deezer.com/track/1581552,pending,
2026-09-08,10:37,Altered Images,Don't Talk to Me About Love,Unknown,https://www.deezer.com/track/2484903,pending,
2026-09-08,10:36,Hue and Cry,Labour Of Love,Unknown,https://www.deezer.com/track/3358452,pending,
2026-09-08,10:35,Texas,I Don't Want A Lover,Unknown,https://www.deezer.com/track/2099242707,pending,
2026-09-08,10:34,Wet Wet Wet,Sweet Little Mystery,Unknown,https://www.deezer.com/track/72370373,pending,
2026-09-08,10:33,Aztec Camera,Oblivious,Unknown,https://www.deezer.com/track/1882051417,pending,
2026-09-08,10:32,Hipsway,The Honeythief,Unknown,https://www.deezer.com/track/353120851,pending,
2026-09-08,10:23,The Blow Monkeys,Digging Your Scene,Unknown,https://www.deezer.com/track/992851,pending,
2026-09-08,10:14,Marvin Gaye,Got To Give It Up,Unknown,https://www.deezer.com/track/4760900,pending,
2026-09-08,10:07,Rachel Stevens,Sweet Dreams My LA Ex,Unknown,https://www.deezer.com/track/2304171,pending,
2026-09-08,10:03,Pretenders,Don't Get Me Wrong,Unknown,https://www.deezer.com/track/661228,pending,
2026-09-08,09:54,Lewis Capaldi,Pointless,Unknown,https://www.deezer.com/track/2036124277,pending,
2026-09-08,09:52,The Police,Every Breath You Take,Unknown,https://www.deezer.com/track/2525864,pending,
2026-09-08,09:35,Yes,Owner Of A Lonely Heart,Unknown,https://www.deezer.com/track/3613215,pending,
2026-09-08,09:12,Camila Cabello,Havana (feat. Young Thug),Unknown,https://www.deezer.com/track/447098092,pending,
2026-09-08,09:05,Laura Branigan,Gloria,Unknown,https://www.deezer.com/track/675801,pending,
2026-09-08,08:57,T. Rex,Metal Guru,Unknown,https://www.deezer.com/track/1762966407,pending,
2026-09-08,08:49,Olivia Dean,So Easy (To Fall In Love),Unknown,https://www.deezer.com/track/3562948071,pending,
2026-09-08,08:43,Duran Duran,Save A Prayer,Unknown,https://www.deezer.com/track/4127469,pending,
2026-09-08,08:33,k.d. lang,Constant Craving,Unknown,https://www.deezer.com/track/5414332,pending,
2026-09-08,08:25,Chris Rea,The Road To Hell,Unknown,https://www.deezer.com/track/424002552,pending,
2026-09-08,08:15,Scouting for Girls,This Ain't A Love Song,Unknown,https://www.deezer.com/track/415167532,pending,
2026-09-08,08:08,Lisa Stansfield,The Real Thing,Unknown,https://www.deezer.com/track/559459,pending,
2026-09-08,08:05,Lenny Kravitz,Are You Gonna Go My Way,Unknown,https://www.deezer.com/track/3107395,pending,
2026-09-08,07:58,The Isley Brothers,Harvest For The World,Unknown,https://www.deezer.com/track/105516064,pending,
2026-09-08,07:53,Leon Bridges,Talk It Over,Unknown,https://www.deezer.com/track/4229202062,pending,
2026-09-08,07:50,Fleetwood Mac,Little Lies,Unknown,https://www.deezer.com/track/664456,pending,
2026-09-08,07:42,Ravyn Lenae,Love Me Not,Unknown,https://www.deezer.com/track/2755315691,pending,
2026-09-08,07:38,Ray Charles,What'd I Say,Unknown,https://www.deezer.com/track/3658386,pending,
2026-09-08,07:34,Cameo,Single Life,Unknown,https://www.deezer.com/track/598065912,pending,
2026-09-08,07:31,Gwen Guthrie,Ain't Nothin' Goin' On But The Rent,Unknown,https://www.deezer.com/track/8104862,pending,
2026-09-08,07:17,Steely Dan,Peg,Unknown,https://www.deezer.com/track/2466017615,pending,
2026-09-08,07:07,The Killers,Human,Unknown,https://www.deezer.com/track/71955252,pending,
2026-09-08,06:57,Sly & the Family Stone,Family Affair,Unknown,https://www.deezer.com/track/549579,pending,
2026-09-08,06:49,ROSÉ & Bruno Mars,APT.,Unknown,https://www.deezer.com/track/3050380851,pending,
2026-09-08,06:42,"Earth, Wind & Fire",Fantasy,Unknown,https://www.deezer.com/track/487484162,pending,
2026-09-08,06:13,Shakira & Burna Boy,Dai Dai,Unknown,https://www.deezer.com/track/4015341011,pending,
2026-09-08,06:07,Stevie Wonder,Uptight (Everything's Alright),Unknown,https://www.deezer.com/track/538709512,pending,
2026-09-08,06:03,John Sebastian,Welcome Back,Unknown,https://www.deezer.com/track/2551762,pending,
2026-09-08,05:49,Mica Paris,My One Temptation,Unknown,https://www.deezer.com/track/11288718,pending,
2026-09-08,05:40,Fontella Bass,Rescue Me,Unknown,https://www.deezer.com/track/649747872,pending,
2026-09-08,05:32,Justin Timberlake,Mirrors,Unknown,https://www.deezer.com/track/65356224,pending,
2026-09-08,05:19,Blondie,"(I'm Always Touched By Your) Presence, Dear",Unknown,https://www.deezer.com/track/3122260,pending,
2026-09-08,05:06,Blur,Charmless Man,Unknown,https://www.deezer.com/track/3102139,pending,
2026-09-08,04:46,Phil Collins,In the Air Tonight,Unknown,https://www.deezer.com/track/134036212,pending,
2026-09-08,04:30,Eurythmics,I Saved The World Today,Unknown,https://www.deezer.com/track/561826,pending,
2026-09-08,04:04,Pretenders,Back On The Chain Gang,Unknown,https://www.deezer.com/track/740361,pending,
2026-09-08,03:55,Oasis,Some Might Say,Unknown,https://www.deezer.com/track/985745742,pending,
2026-09-08,03:51,Stevie Wonder,Hey Love,Unknown,https://www.deezer.com/track/598076372,pending,
2026-09-08,03:42,Sarah Vaughan,Broken Hearted Melody,Unknown,https://www.deezer.com/track/543099882,pending,
2026-09-08,03:28,Travis,Writing To Reach You,Unknown,https://www.deezer.com/track/657189262,pending,
2026-09-08,03:25,Natalie Imbruglia,Beautiful Love,Unknown,https://www.deezer.com/track/3980922251,pending,
2026-09-08,03:18,Take That,Greatest Day,Unknown,https://www.deezer.com/track/2256746547,pending,
2026-09-08,03:12,Wang Chung,Dance Hall Days,Unknown,https://www.deezer.com/track/1091006062,pending,
2026-09-08,03:03,Diana Ross,Upside Down,Unknown,https://www.deezer.com/track/4677572,pending,
2026-09-08,02:56,Avicii,Hey Brother,Unknown,https://www.deezer.com/track/70266758,pending,
2026-09-08,02:38,Duran Duran,A View To A Kill,Unknown,https://www.deezer.com/track/3130429,pending,
2026-09-08,02:03,Status Quo,Down Down,Unknown,https://www.deezer.com/track/1158804,pending,
2026-09-08,01:48,Patrice Rushen,Forget Me Nots,Unknown,https://www.deezer.com/track/434614222,pending,
2026-09-08,01:34,The Human League,Mirror Man,Unknown,https://www.deezer.com/track/3249828,pending,
2026-09-08,01:31,The Killers,When You Were Young,Unknown,https://www.deezer.com/track/1109953,pending,
2026-09-08,01:28,Paul Williams,Fat Sam's Grand Slam,Unknown,https://www.deezer.com/track/1101390,pending,
2026-09-08,01:22,Alex Warren,EMERALD EYES,Unknown,https://www.deezer.com/track/4061554941,pending,
2026-09-08,01:14,Eagles,Hotel California,Unknown,https://www.deezer.com/track/426703682,pending,
2026-09-08,00:50,The Strokes,Last Nite,Unknown,https://www.deezer.com/track/15615270,pending,
2026-09-08,00:34,ABBA,Voulez-Vous,Unknown,https://www.deezer.com/track/884040,pending,
2026-09-08,00:24,Oasis,Whatever,Unknown,https://www.deezer.com/track/985704102,pending,
2026-09-08,00:09,Charles & Eddie,Would I Lie To You?,Unknown,https://www.deezer.com/track/1806786907,pending,
2026-09-08,00:07,The Housemartins,Happy Hour,Unknown,https://www.deezer.com/track/584214662,pending,
2026-09-09,16:58,INXS,Need You Tonight,Unknown,https://www.deezer.com/track/428612492,pending,
2026-09-09,15:18,Xpansions,Move Your Body,Unknown,https://www.deezer.com/track/469734382,pending,
2026-09-09,11:36,Alanis Morissette,Head Over Feet,Unknown,https://www.deezer.com/track/789221,pending,
2026-09-09,11:12,Olivia Rodrigo,good 4 u,Unknown,https://www.deezer.com/track/1378342622,pending,
2026-09-09,09:12,Sara Bareilles,Love Song,Unknown,https://www.deezer.com/track/13132590,pending,
2026-09-09,06:22,Blur,Parklife,Unknown,https://www.deezer.com/track/44134631,pending,
2026-09-09,01:05,Jess Glynne,Don't Be So Hard On Yourself,Unknown,https://www.deezer.com/track/104958194,pending,
2026-09-09,00:09,Alex Warren,FEVER DREAM,Unknown,https://www.deezer.com/track/3869647201,pending,
2026-09-18,15:49,Taylor Swift,Style,,,pending,
2026-09-18,15:45,Madonna,Dress You Up,,,pending,
2026-09-18,15:42,Mason & Princess Superstar,Perfect (Exceeder),,,pending,
2026-09-18,15:38,Olivia Newton‐John,Physical,,,pending,
2026-09-18,15:36,Dua Lipa,Physical,,,pending,
2026-09-18,15:32,Kelly Clarkson,Stronger (What Doesn't Kill You),,,pending,
2026-09-18,15:28,Lost Frequencies,Where Are You Now (feat. Calum Scott),,,pending,
2026-09-18,15:22,Miquel Brown,"So Many Men, So Little Time",,,pending,
2026-09-18,15:19,N‐Trance,Set You Free,,,pending,
2026-09-18,15:13,StoneBridge,Put 'Em High (feat. Therese),,,pending,
2026-09-18,15:09,Donna Summer,I Will Go With You (Con Te Partiró),,,pending,
2026-09-18,15:03,Miley Cyrus,Party In The U.S.A.,,,pending,
2026-09-18,14:56,Deborah Cox,Nobody's Supposed to Be Here (Dance Mix),,,pending,
2026-09-18,14:51,Becky Hill & David Guetta,Remember,,,pending,
2026-09-18,14:47,Jimmy “Bo” Horne,Spank,,,pending,
2026-09-18,14:42,Spice Girls,Spice Up Your Life,,,pending,
2026-09-18,14:39,Little Mix,Sweet Melody,,,pending,
2026-09-18,14:32,Scissor Sisters,Filthy/Gorgeous,,,pending,
2026-09-18,14:28,The Party,In My Dreams,,,pending,
2026-09-18,14:23,Swedish House Mafia,Don't You Worry Child (feat. John Martin),,,pending,
2026-09-18,14:19,Chaka Khan,I'm Every Woman (Remix),,,pending,
2026-09-18,14:10,September,Cry For You,,,pending,
2026-09-18,14:03,Wham!,I'm Your Man,,,pending,
2026-09-18,13:56,TLC,Waterfalls,,,pending,
2026-09-18,13:53,Billie Eilish,bad guy,,,pending,
2026-09-18,13:42,Kaiser Chiefs,Ruby,,,pending,
2026-09-18,13:37,Beyoncé,CUFF IT,,,pending,
2026-09-18,13:26,Zara Larsson,Lush Life,,,pending,
2026-09-18,13:20,The Darkness,I Believe In A Thing Called Love,,,pending,
2026-09-18,13:13,Soul II Soul,Keep on Movin' (feat. Caron Wheeler),,,pending,
2026-09-18,13:09,Technotronic,Pump Up The Jam (feat. Felly),,,pending,
2026-09-18,13:03,Ike & Tina Turner,Proud Mary,,,pending,
2026-09-18,12:56,Fleetwood Mac,Go Your Own Way,,,pending,
2026-09-18,12:44,Billy Ocean,Red Light Spells Danger,,,pending,
2026-09-18,12:39,Prince,Little Red Corvette,,,pending,
2026-09-18,12:35,Ian Van Dahl,Castles In The Sky (feat. Marsha),,,pending,
2026-09-18,12:25,The Pussycat Dolls,Don't Cha (feat. Busta Rhymes),,,pending,
2026-09-18,12:17,John Denver,"Take Me Home, Country Roads",,,pending,
2026-09-18,11:51,Jason Donovan,Any Dream Will Do,,,pending,
2026-09-18,11:46,Simply Red,Sunrise,,,pending,
2026-09-18,11:41,Bananarama,I Heard A Rumour,,,pending,
2026-09-18,11:38,Riton & Nightcrawlers,Friday (Dopamine Re-Edit) (feat. Mufasa & Hypeman),,,pending,
2026-09-18,11:31,Craig David & Sting,Rise & Fall,,,pending,
2026-09-18,11:27,Chappell Roan,Pink Pony Club,,,pending,
2026-09-18,11:18,Céline Dion,It's All Coming Back To Me Now,,,pending,
2026-09-18,11:13,Matthew Wilder,Break My Stride,,,pending,
2026-09-18,11:10,Elton John,I'm Still Standing,,,pending,
2026-09-18,11:06,"RAYE, Amma & Absolutely",Joy.,,,pending,
2026-09-18,10:50,Sunshine Anderson,Heard It All Before,,,pending,
2026-09-18,10:46,B.T. Express,Do It ('Til You're Satisfied),,,pending,
2026-09-18,10:43,The Brand New Heavies,Dream On Dreamer,,,pending,
2026-09-18,10:38,James Brown,Soul Power,,,pending,
2026-09-18,10:35,The Limit,Say Yeah,,,pending,
2026-09-18,10:32,The Bucketheads,The Bomb! (These Sounds Fall Into My Mind),,,pending,
2026-09-18,10:29,Cleo Sol,Gentlewoman,,,pending,
2026-09-18,10:17,The Stylistics,Can't Help Falling In Love,,,pending,
2026-09-18,10:06,Whitney Houston,How Will I Know,,,pending,
2026-09-18,10:03,The Original,I Luv U Baby,,,pending,
2026-09-18,09:57,The Rolling Stones,Miss You,,,pending,
2026-09-18,09:49,Michael Gray,The Weekend,,,pending,
2026-09-18,09:37,Lionel Richie,My Destiny,,,pending,
2026-09-18,09:33,Ben E. King,Supernatural Thing,,,pending,
2026-09-18,09:19,Deacon Blue,Fergus Sings The Blues (Radio 2 In The Park 2026),,,pending,
2026-09-18,09:08,Toni Braxton,Un-Break My Heart,,,pending,
2026-09-18,09:04,Donna Summer,Bad Girls,,,pending,
2026-09-18,08:58,Dave Edmunds,Here Comes The Weekend,,,pending,
2026-09-18,08:53,Miley Cyrus,Bass Persuades,,,pending,
2026-09-18,08:35,Pretenders,Talk Of The Town,,,pending,
2026-09-18,08:05,Phil Collins,Two Hearts,,,pending,
2026-09-18,07:58,Buddy Holly,Raining In My Heart,,,pending,
2026-09-18,07:48,R.E.M.,The One I Love,,,pending,
2026-09-18,07:31,Paul Simon,Something So Right,,,pending,
2026-09-18,07:04,Paul McCartney & Wings,Jet,,,pending,
2026-09-18,06:58,Simple Minds,Beginner Boys,,,pending,
2026-09-18,06:50,Sigur Rós,Hoppípolla,,,pending,
2026-09-18,06:41,Radiohead,Creep,,,pending,
2026-09-18,06:28,Kenny Loggins,Danger Zone,,,pending,
2026-09-18,06:10,Bobby Darin,Dream Lover,,,pending,
2026-09-18,06:06,David Morales & The Face,Needin' U,,,pending,
2026-09-18,06:03,Jamiroquai,Space Cowboy,,,pending,
2026-09-18,05:56,The Kinks,All Day And All Of The Night,,,pending,
2026-09-18,05:28,Bryan Adams,The Ballad Of Terry Fox,,,pending,
2026-09-18,05:18,Coldplay,Life In Technicolor II,,,pending,
2026-09-18,05:03,Kate Bush,Running Up That Hill (A Deal With God),,,pending,
2026-09-18,04:48,Madness,Baggy Trousers,,,pending,
2026-09-18,04:36,Laura Branigan,Self Control,,,pending,
2026-09-18,04:31,Madonna,Ray Of Light,,,pending,
2026-09-18,04:28,Level 42,Lessons In Love,,,pending,
2026-09-18,04:22,Sister Sledge,Thinking Of You,,,pending,
2026-09-18,04:18,Kenny Rogers & Dolly Parton,Islands In The Stream,,,pending,
2026-09-18,04:11,Harry Belafonte,Jump In The Line,,,pending,
2026-09-18,04:05,John Legend,All Of Me,,,pending,
2026-09-18,03:59,Duke Dumont,I Got U (feat. Jax Jones),,,pending,
2026-09-18,02:33,The Cure,Boys Don't Cry,,,pending,
2026-09-18,02:29,Fat Les,Vindaloo,,,pending,
2026-09-18,02:29,Bobby Brown,Two Can Play That Game,,,pending,
2026-09-18,02:24,Santana,The Game Of Love (feat. Michelle Branch),,,pending,
2026-09-18,02:16,Simple Minds,Glittering Prize (Radio 2 In The Park 2026),,,pending,
2026-09-18,02:10,Rose Royce,Is It Love You're After,,,pending,
2026-09-18,02:06,Girls Aloud,Call The Shots,,,pending,
2026-09-18,01:56,"Galantis, David Guetta & Little Mix",Heartbreak Anthem,,,pending,
2026-09-18,01:53,Kane Brown,Boots (feat. Shania Twain),,,pending,
2026-09-18,01:44,Kid Creole and the Coconuts,Annie I'm Not Your Daddy,,,pending,
2026-09-18,01:32,Katy Perry,I Kissed A Girl,,,pending,
2026-09-18,01:27,Dasha,Austin (Boots Stop Workin'),,,pending,
2026-09-18,01:21,Prefab Sprout,Cars And Girls,,,pending,
2026-09-18,01:14,Sylvester,You Make Me Feel (Mighty Real),,,pending,
2026-09-18,01:09,Ariana Grande,hate that i made you love me,,,pending,
2026-09-18,00:51,Robbie Williams,No Regrets,,,pending,
2026-09-18,00:39,George Michael,Freedom! '90,,,pending,
2026-09-18,00:29,The Script,Hall Of Fame (Radio 2 In The Park 2026),,,pending,
2026-09-18,00:22,Lady Gaga,Poker Face,,,pending,
2026-09-18,00:16,Jennifer Lopez,Waiting For Tonight,,,pending,
2026-09-18,00:07,Livin’ Joy,Dreamer,,,pending,
2026-09-18,00:03,Huey Lewis and the News,The Power Of Love,,,pending,
2026-09-18,Live,Cher,Strong Enough,,,pending,
2026-09-18,Live,"David Kreuger, Esbjörn Öhrwall, Max Martin, Per Magnusson & Britney Spears",(You Drive Me) Crazy,,,pending,
2026-09-19,Live,Shakatak,Easier Said Than Done,,,pending,
2026-09-19,19:37,George Benson,Lady Love Me (One More Time),,,pending,
2026-09-19,19:34,Jess Edie,T&Cs Apply,,,pending,
2026-09-19,19:26,Donald Byrd,Love Has Come Around,,,pending,
2026-09-19,19:22,Marvin Gaye,What's Going On,,,pending,
2026-09-19,19:20,The Drifters,This Magic Moment,,,pending,
2026-09-19,19:17,Lonnie Gordon,Happenin' All Over Again,,,pending,
2026-09-19,19:13,Kool & the Gang,Joanna,,,pending,
2026-09-19,19:10,The Womack Sisters,If I Let You,,,pending,
2026-09-19,19:07,Quincy Jones,Razzamatazz,,,pending,
2026-09-19,19:04,Stevie Wonder,I Was Made To Love Her,,,pending,
2026-09-19,18:57,Wyclef Jean,We Trying To Stay Alive (feat. Refugee Camp Allstars),,,pending,
2026-09-19,18:53,A Tribe Called Quest,Electric Relaxation,,,pending,
2026-09-19,18:50,Kiefer,"NewLevels NewDevils (feat. Tony Stone, Erick the Architect & CARRTOONS)",,,pending,
2026-09-19,18:45,Grandmaster Flash & Grandmaster Melle Mel,White Lines (Don't Do It),,,pending,
2026-09-19,18:39,Grandmaster Flash & The Furious Five,The Message,,,pending,
2026-09-19,18:33,Curtis Mayfield,Move On Up,,,pending,
2026-09-19,18:30,Grandmaster Flash,The Adventures of Grandmaster Flash on the Wheels of Steel,,,pending,
2026-09-19,18:25,Stetsasonic,Talkin' All That Jazz,,,pending,
2026-09-19,18:20,"J. Cole, Future & Tems",Bunce Road Blues,,,pending,
2026-09-19,18:16,Cam’ron,Oh Boy (feat. Juelz Santana),,,pending,
2026-09-19,18:14,OnaDa,Bad (BBC Introducing Manchester),,,pending,
2026-09-19,18:07,Ja Rule,Always On Time (feat. Ashanti),,,pending,
2026-09-19,18:03,Young MC,Know How,,,pending,
2026-09-19,17:55,Whitesnake,Love Ain't No Stranger,,,pending,
2026-09-19,17:51,Queen,Dead on Time,,,pending,
2026-09-19,17:42,"Steve Cropper, Brian May & Billy Gibbons",My Angels Are Calling,,,pending,
2026-09-19,17:35,Queen,Stone Cold Crazy,,,pending,
2026-09-19,17:31,Royal Blood,Swallow The Bomb,,,pending,
2026-09-19,17:24,Simple Minds,Alive & Kicking (Radio 2 In The Park 2026),,,pending,
2026-09-19,17:19,Roger Taylor,Don't Photograph Food,,,pending,
2026-09-19,17:13,Black Sabbath,Snowblind (2021 Remaster),,,pending,
2026-09-19,17:08,Evanescence,My Heart Is Broken,,,pending,
2026-09-19,17:04,Pearl Jam,The Fixer,,,pending,
2026-09-19,16:56,Ramones,"Baby, I Love You",,,pending,
2026-09-19,16:53,Confidence Man,Young London,,,pending,
2026-09-19,16:51,Phats & Small,Turn Around,,,pending,
2026-09-19,16:47,Candi Staton,Young Hearts Run Free,,,pending,
2026-09-19,16:43,LeAnn Rimes,Can't Fight The Moonlight,,,pending,
2026-09-19,16:39,"Christina Aguilera, Lil’ Kim, Mýa & P!nk",Lady Marmalade,,,pending,
2026-09-19,16:33,Bruce Springsteen & The E Street Band,Born To Run,,,pending,
2026-09-19,16:29,Commodores,Nightshift,,,pending,
2026-09-19,16:26,Liza Minnelli,Losing My Mind,,,pending,
2026-09-19,16:20,Sugababes,Hole In The Head,,,pending,
2026-09-19,16:16,Lorde,Royals,,,pending,
2026-09-19,16:13,Bob Sinclar,World Hold On (FISHER Rework),,,pending,
2026-09-19,16:10,Harry Styles,As It Was,,,pending,
2026-09-19,16:06,Frankie Valli,Grease,,,pending,
2026-09-19,15:56,Blur,There's No Other Way,,,pending,
2026-09-19,15:53,Smash Mouth,I'm A Believer,,,pending,
2026-09-19,15:49,The Farm,Groovy Train,,,pending,
2026-09-19,15:46,Londonbeat,I've Been Thinking About You,,,pending,
2026-09-19,15:43,The Avalanches,Because I'm Me,,,pending,
2026-09-19,15:39,The Script,Superheroes,,,pending,
2026-09-19,15:35,Bonnie Tyler,Holding Out For A Hero,,,pending,
2026-09-19,15:31,Catatonia,Mulder And Scully,,,pending,
2026-09-19,15:27,The Chainsmokers & Coldplay,Something Just Like This,,,pending,
2026-09-19,15:17,Endor,Pump It Up,,,pending,
2026-09-19,15:14,Ricky Martin,She Bangs,,,pending,
2026-09-19,15:11,Lush,Single Girl,,,pending,
2026-09-20,18:18,The Script,Breakeven (Radio 2 In The Park 2026),,,pending,
2026-09-20,18:13,The Script,Nothing (Radio 2 In The Park 2026),,,pending,
2026-09-20,18:09,The Script,Rain (Radio 2 In The Park 2026),,,pending,
2026-09-20,18:05,The Script,The Man Who Can't Be Moved (Radio 2 In The Park 2026),,,pending,
2026-09-20,18:01,The Script,The Crowd Was Singing Wonderwall (Radio 2 In The Park 2026),,,pending,
2026-09-20,18:00,The Script,Wonderwall (Radio 2 In The Park 2026),,,pending,
2026-09-20,17:54,The Script,For The First Time (Radio 2 In The Park 2026),,,pending,
2026-09-20,17:49,The Script,Superheroes (Radio 2 In The Park 2026),,,pending,
2026-09-20,17:43,Level 42,Hot Water (Radio 2 In The Park 2026),,,pending,
2026-09-20,17:39,Level 42,The Chinese Way (Radio 2 In The Park 2026),,,pending,
2026-09-20,17:34,Level 42,Lessons In Love (Radio 2 In The Park 2026),,,pending,
2026-09-20,17:29,Level 42,Something About You (Radio 2 In The Park 2026),,,pending,
2026-09-20,17:24,Level 42,Starchild (Radio 2 In The Park 2026),,,pending,
2026-09-20,17:18,Level 42,The Sun Goes Down (Living It Up) (Radio 2 In The Park 2026),,,pending,
2026-09-20,17:14,Level 42,Running In The Family (Radio 2 In The Park 2026),,,pending,
2026-09-20,17:09,Level 42,To Be With You Again (Radio 2 In The Park 2026),,,pending,
2026-09-20,17:03,Level 42,Heaven In My Hands (Radio 2 In The Park 2026),,,pending,
2026-09-20,16:52,Chumbawamba,Tubthumping,,,pending,
2026-09-20,16:49,Urge Overkill,"Girl, You'll Be A Woman Soon",,,pending,
2026-09-20,16:42,Jesus Jones,Real Real Real,,,pending,
2026-09-20,16:35,Nirvana,In Bloom,,,pending,
2026-09-20,16:32,Suede,Animal Nitrate,,,pending,
2026-09-20,16:29,The Wannadies,You And Me Song,,,pending,
2026-09-20,16:25,Green Day,Basket Case,,,pending,
2026-09-20,16:22,Space,The Ballad Of Tom Jones (feat. Cerys Matthews),,,pending,
2026-09-20,16:18,The Stone Roses,Ten Storey Love Song,,,pending,
2026-09-20,16:15,Björk,It's Oh So Quiet,,,pending,
2026-09-20,16:10,Menswear,Being Brave,,,pending,
2026-09-20,16:07,The Soup Dragons,I'm Free (feat. Junior Reid),,,pending,
2026-09-20,16:03,They Might Be Giants,Birdhouse In Your Soul,,,pending,
2026-09-20,15:58,Nightmares on Wax,Les Nuits,,,pending,
2026-09-20,15:56,Moonman,Don't Be Afraid,,,pending,
2026-09-20,15:52,Kadoc,The Nighttrain,,,pending,
2026-09-20,15:49,Azzido da Bass,Dooms Night (Timo Maas Remix),,,pending,
2026-09-20,15:47,Brainbug,Nightmare,,,pending,
2026-09-20,15:43,Coimbra,Another Star,,,pending,
2026-09-20,15:40,Incognito,Nights Over Egypt (MJ Cole Remix),,,pending,
2026-09-20,15:37,Dem 2,Destiny,,,pending,
2026-09-20,15:34,Danny J. Lewis,Spend The Night (H-Man Dub),,,pending,
2026-09-20,15:31,Faithless,Insomnia,,,pending,
2026-09-20,15:27,Nightcrawlers,Push the Feeling On (Mk Mix 95),,,pending,
2026-09-20,15:23,Technotronic,Get Up (Before The Night Is Over),,,pending,
2026-09-20,15:20,Real McCoy,Another Night,,,pending,
2026-09-20,15:13,Kim English,Nitelife (Armand Van Helden Retail Mix),,,pending,
2026-09-20,15:03,Cathy Dennis,Touch Me (All Night Long),,,pending,
2026-09-20,14:56,911,Bodyshakin',,,pending,
2026-09-20,14:53,All Saints,I Know Where It's At,,,pending,
2026-09-20,14:48,Vengaboys,"Boom, Boom, Boom, Boom!!",,,pending,
2026-09-20,14:45,Kylie Minogue,Word Is Out,,,pending,
2026-09-20,14:42,B*Witched,C'est La Vie,,,pending,
2026-09-20,14:38,Louise,Naked,,,pending,
2026-09-20,14:35,Backstreet Boys,I Want It That Way,,,pending,
2026-09-20,14:31,Steps,Better Best Forgotten,,,pending,
2026-09-20,14:27,Robyn,Show Me Love,,,pending,
2026-09-20,14:23,Five,When The Lights Go Out,,,pending,
2026-09-20,14:18,Spice Girls,Stop,,,pending,
2026-09-20,14:15,Aqua,Doctor Jones,,,pending,
2026-09-20,14:11,Deee‐Lite,Groove Is In The Heart,,,pending,
2026-09-20,14:07,Take That,Everything Changes,,,pending,
2026-09-20,14:03,Shania Twain,That Don't Impress Me Much,,,pending,
2026-09-20,13:58,Michael Bolton,Can I Touch You...There?,,,pending,
2026-09-20,13:52,Blondie,Maria,,,pending,
2026-09-20,13:47,Prince,Gold,,,pending,
2026-09-20,13:36,McAlmont & Butler,Yes,,,pending,
2026-09-20,13:30,4 Non Blondes,What's Up?,,,pending,
2026-09-20,13:27,S Club,S Club Party,,,pending,
2026-09-20,13:22,Republica,Drop Dead Gorgeous,,,pending,
2026-09-20,13:18,Aretha Franklin,A Deeper Love,,,pending,
2026-09-20,13:11,Reel 2 Real,I Like To Move It,,,pending,
2026-09-20,13:08,Sub Sub,Ain't No Love (Ain't No Use) (feat. Melanie Williams),,,pending,
2026-09-20,13:03,Clock,Whoomph! There It Is,,,pending,
2026-09-20,12:54,808 State,"Pacific State (12"" Version)",,,pending,
2026-09-20,12:48,Depeche Mode,See You (Extended Version),,,pending,
2026-09-20,12:41,Propaganda,Duel (Bittersweet),,,pending,
2026-09-20,12:35,Ten City,That's The Way Love Is (Underground Mix/Extended Version),,,pending,
2026-09-20,12:28,S’Express,Mantra For A State Of Mind (Club Mix),,,pending,
2026-09-20,12:23,Scritti Politti,Wood Beez (Version),,,pending,
2026-09-20,12:22,Go West,We Close Our Eyes (The Total Overhang Club Mix),,,pending,
2026-09-20,12:21,Thomas Dolby,Windpower (High Power Extended Play),,,pending,
2026-09-20,12:15,Blancmange,Living on the Ceiling,,,pending,
2026-09-20,12:11,Thompson Twins,"In The Name Of Love (12"" Inch Dance Extension)",,,pending,
2026-09-20,12:04,Farley Jackmaster Funk,Love Can't Turn Around 7'00,,,pending,
2026-09-20,11:55,Orchestral Manoeuvres in the Dark,Enola Gay (Extended Mix),,,pending,
2026-09-20,11:50,Turner & Skipworth,Thinking About Your Love - (Original 12 Inch Version),,,pending,
2026-09-20,11:43,Lisa Lisa & Cult Jam & Full Force,I Wonder If I Take You Home (Extended Version),,,pending,
2026-09-20,11:37,Furniture,"Brilliant Mind - 12"" Mix",,,pending,
2026-09-20,11:31,Heaven 17,Let Me Go (Extended Mix),,,pending,
2026-09-20,11:30,Booker Newberry III,Love Town (Long Version),,,pending,
2026-09-20,11:30,Frankie Goes to Hollywood,"Rage Hard (The Young Person's Guide To The 12"" Mix)",,,pending,
2026-09-20,11:22,Dead or Alive,Brand New Lover (The Dust Monkey's Love Bubble Club Mix Edit),,,pending,
2026-09-20,11:16,Desireless,"Voyage, Voyage (PWL Britmix)",,,pending,
2026-09-20,11:10,Genesis,Land Of Confusion (Extended Remix),,,pending,
2026-09-20,11:04,Bonnie Tyler,Holding Out For A Hero (Club Mix),,,pending,
2026-09-20,10:52,Whigfield,Thinking Of You (M.B.R.G. Remix),,,pending,
2026-09-20,10:46,Seamus Haji & Booty Luv,Boogie 2Nite,,,pending,
2026-09-20,10:42,Britney Spears,Womanizer,,,pending,
2026-09-20,10:32,Sweet,Ballroom Blitz,,,pending,
2026-09-20,10:19,Dexys Midnight Runners,Come On Eileen,,,pending,
2026-09-20,10:13,Lady Gaga & Ariana Grande,Rain On Me,,,pending,
2026-09-20,10:03,M People,Moving On Up,,,pending,
2026-09-20,09:56,Jayda G,Forever Now,,,pending,
2026-09-20,09:52,Alexander O’Neal,Criticize,,,pending,
2026-09-20,09:47,Céline Dion,That's The Way It Is,,,pending,
2026-09-20,09:35,Years & Years,Shine,,,pending,
2026-09-20,09:24,Anita Ward,Ring My Bell,,,pending,
2026-09-20,09:06,Pixie Lott,Boys & Girls,,,pending,
2026-09-20,09:03,Erasure,A Little Respect,,,pending,
2026-09-20,08:55,Chaka Khan & Alexandra Burke,I'm Every Woman (Radio 2 In The Park 2026),,,pending,
2026-09-20,08:51,Whyte Horses & Jake Shears,Calabasas,,,pending,
2026-09-20,08:48,BTS,Dynamite,,,pending,
2026-09-20,08:42,Appleton,Never Ever (Radio 2 In The Park 2026),,,pending,
2026-09-20,08:20,Ashe,Stop The Wedding!,,,pending,
2026-09-20,08:03,Madonna,Into The Groove,,,pending,
2026-09-20,07:46,Miami Sound Machine & Gloria Estefan,Rhythm Is Gonna Get You,,,pending,
2026-09-20,07:43,Nyah Grace,Only Mine (Ash Howes Mix),,,pending,
2026-09-20,07:34,Chic,Everybody Dance,,,pending,
2026-09-20,07:30,Teddy Swims,Perfect Man,,,pending,
2026-09-20,07:18,Arctic Monkeys,I Bet You Look Good On The Dancefloor,,,pending,
2026-09-20,07:03,Maroon 5,Moves Like Jagger (feat. Christina Aguilera),,,pending,
2026-09-20,06:58,Ottawan,D.I.S.C.O.,,,pending,
2026-09-20,06:54,Texas,Inner Smile (Radio 2 In The Park 2026),,,pending,
2026-09-20,06:45,Whitney Houston,I Wanna Dance With Somebody (Who Loves Me),,,pending,
2026-09-20,06:38,Dire Straits,Sultans Of Swing,,,pending,
2026-09-20,06:35,"Earth, Wind & Fire",Boogie Wonderland (feat. The Emotions),,,pending,
2026-09-20,06:20,Adam Ant,Goody Two Shoes,,,pending,
2026-09-20,06:14,Sophie Ellis‐Bextor,Murder On The Dancefloor,,,pending,
2026-09-20,06:03,The Nolans,I'm In The Mood For Dancing,,,pending,
2026-09-20,05:56,Thelma Houston,Don't Leave Me This Way,,,pending,
2026-09-20,05:53,Dua Lipa,Dance The Night,,,pending,
2026-09-20,05:45,Simple Minds,Promised You A Miracle (Radio 2 In The Park 2026),,,pending,
2026-09-20,05:41,Jungle,Sunshine,,,pending,
2026-09-20,05:34,American Authors,Best Day Of My Life,,,pending,
2026-09-20,05:24,Ferris & Sylvester,The Game,,,pending,
2026-09-20,05:12,Michael Bublé,Haven't Met You Yet,,,pending,
2026-09-20,05:03,Steve Winwood,Valerie,,,pending,
2026-09-20,04:55,Mel & Kim,Showing Out (Get Fresh At The Weekend),,,pending,
2026-09-20,04:52,Jalen Ngonda,"Hannah, What's The Matter?",,,pending,
2026-09-20,04:39,The Flamingos,I Only Have Eyes For You,,,pending,
2026-09-20,04:27,Kylie Minogue,Padam Padam,,,pending,
2026-09-20,04:12,Christina Aguilera,Ain't No Other Man,,,pending,
2026-09-20,04:03,Coldcut,People Hold On (feat. Lisa Stansfield),,,pending,
2026-09-20,03:56,Blur,Country House,,,pending,
2026-09-20,03:42,Shakira,Hips Don't Lie (feat. Wyclef Jean),,,pending,
2026-09-20,03:38,The Shires,Bonfire Song,,,pending,
2026-09-20,03:28,Jamiroquai,Love Foolosophy,,,pending,
2026-09-20,03:23,Dexys Midnight Runners,Jackie Wilson Said (I'm in Heaven When you Smile,,,pending,
2026-09-20,03:13,The Lightning Seeds,Pure,,,pending,
2026-09-20,03:03,Coldplay,Viva La Vida,,,pending,
2026-09-20,02:56,The Beatles,She's Leaving Home,,,pending,
2026-09-20,02:47,The Source,You Got The Love (feat. Candi Staton),,,pending,
2026-09-20,02:37,Macy Gray,I Try,,,pending,
2026-09-20,02:29,Will Young,Leave Right Now,,,pending,
2026-09-20,02:21,Mulaa Joans,That Ain't You,,,pending,
2026-09-20,02:19,Green Day,Good Riddance (Time Of Your Life),,,pending,
2026-09-20,02:08,Kings of Leon,My Whole World,,,pending,
2026-09-20,02:03,Prefab Sprout,When Love Breaks Down,,,pending,
2026-09-20,01:46,Brooke Combe,Your Love Was Made Of Stone,,,pending,
2026-09-20,01:37,Kate Bush,Hounds Of Love,,,pending,
2026-09-20,01:19,Cutting Crew,(I Just) Died In Your Arms,,,pending,
2026-09-20,01:12,The Magic Numbers,Love Me Like You,,,pending,
2026-09-20,01:05,Billy Joel,My Life,,,pending,
2026-09-20,01:05,Justin Webb (Webb Brothers),Here We Go - Breakfast Jingle,,,pending,
2026-09-20,00:57,The Ronettes,Be My Baby,,,pending,
2026-09-20,00:51,The Velvelettes,He Was Really Sayin' Somethin',,,pending,
2026-09-20,00:48,Mike Vickers & Cilla Black,If I Thought You'd Ever Change Your Mind,,,pending,
2026-09-20,00:45,Roy Orbison,"Oh, Pretty Woman",,,pending,
2026-09-20,00:42,Eydie Gormé,Blame it on the Bossa Nova,,,pending,
2026-09-20,00:38,"Blood, Sweat & Tears",You've Made Me So Very Happy,,,pending,
2026-09-20,00:34,The Nashville Teens,Tobacco Road,,,pending,
2026-09-20,00:32,Len Barry,1-2-3,,,pending,
2026-09-20,00:28,The Beach Boys,God Only Knows,,,pending,
2026-09-20,00:25,Shirley Bassey,Goldfinger,,,pending,
2026-09-20,00:21,Johnny Rivers,The Poor Side Of Town,,,pending,
2026-09-20,00:17,Reparata & The Delrons,Captain Of Your Ship,,,pending,
2026-09-20,00:13,The Association,Cherish,,,pending,
2026-09-20,00:09,Vanity Fare,Hitchin' a Ride,,,pending,
2026-09-20,00:05,The Righteous Brothers,(You're My) Soul And Inspiration,,,pending,
2026-09-21,17:26,Travis,Sing,,,pending,
2026-09-21,17:22,Chic,"Dance, Dance, Dance (Yowsah, Yowsah, Yowsah)",,,pending,
2026-09-21,17:15,Kenny Loggins,Footloose,,,pending,
2026-09-21,16:57,Tears for Fears,Shout,,,pending,
2026-09-21,16:43,The Shapeshifters,Lola's Theme,,,pending,
2026-09-21,16:36,Chaka Khan & Lenny Kravitz,Bring The Party,,,pending,
2026-09-21,16:27,Babybird,You're Gorgeous,,,pending,
2026-09-21,16:21,Rihanna,Umbrella,,,pending,
2026-09-21,16:12,Kylie Minogue,Can't Get You Out Of My Head,,,pending,
2026-09-21,16:09,The Wonder Stuff,The Size Of A Cow,,,pending,
2026-09-21,16:04,Electric Light Orchestra,Mr. Blue Sky,,,pending,
2026-09-21,15:55,Talking Heads,This Must Be The Place (Naive Melody),,,pending,
2026-09-21,15:48,Katie Melua,Wonderful Life,,,pending,
2026-09-21,15:44,Birdy,People Help The People,,,pending,
2026-09-21,15:40,Little River Band,Reminiscing,,,pending,
2026-09-21,15:37,Khruangbin,Pon Pón,,,pending,
2026-09-21,15:31,Simply Red,Fairground (Simplified Re-Record),,,pending,
2026-09-21,15:28,Arlo Parks,Too Good,,,pending,
2026-09-21,15:24,Duran Duran,Ordinary World,,,pending,
2026-09-21,15:20,Loaded Honey,Don't Speak,,,pending,
2026-09-21,15:16,Christina Aguilera,Beautiful,,,pending,
2026-09-21,15:13,Robert Palmer,Every Kinda People,,,pending,
2026-09-21,15:10,Dionne Warwick,What The World Needs Now,,,pending,
2026-09-21,15:07,Princess,Say I'm Your Number One,,,pending,
2026-09-21,15:03,David Gray,Babylon,,,pending,
2026-09-21,14:56,Heart,These Dreams,,,pending,
2026-09-21,14:51,Deacon Blue,The Great Western Road (Radio 2 In The Park 2026),,,pending,
2026-09-21,14:48,Phil Collins,A Groovy Kind Of Love,,,pending,
2026-09-21,14:36,John Waite,Missing You,,,pending,
2026-09-21,14:32,Appleton,Don't Worry (Radio 2 In The Park 2026),,,pending,
2026-09-21,14:27,R.E.M.,Nightswimming,,,pending,
2026-09-21,14:16,Rusted Root,Send Me On My Way,,,pending,
2026-09-21,14:12,Emeli Sandé,Beneath Your Beautiful (Radio 2 In The Park 2026),,,pending,
2026-09-21,14:06,Lionel Richie,You Are,,,pending,
2026-09-21,13:56,The Muscle Shoals Rhythm Section,Cruisin Jackson Highway,,,pending,
2026-09-21,13:51,Bob Seger & the Silver Bullet Band,We've Got Tonite,,,pending,
2026-09-21,13:46,Dr. Hook,When You're In Love With A Beautiful Woman,,,pending,
2026-09-21,13:41,Bob Dylan,Gotta Serve Somebody,,,pending,
2026-09-21,13:38,Cat Stevens,(Remember The Days Of The) Old Schoolyard,,,pending,
2026-09-21,13:33,Rod Stewart,I Don't Want to Talk About It,,,pending,
2026-09-21,13:28,Art Garfunkel,Breakaway,,,pending,
2026-09-21,13:25,Paul Simon,Kodachrome,,,pending,
2026-09-21,13:21,The Staple Singers,I'll Take You There,,,pending,
2026-09-21,13:18,Cher,For What It's Worth,,,pending,
2026-09-21,13:13,The Rolling Stones,Brown Sugar,,,pending,
2026-09-21,13:07,The Rolling Stones,Wild Horses,,,pending,
2026-09-21,13:03,R.B. Greaves,"Take A Letter, Maria",,,pending,
2026-09-21,12:57,The Osmonds,One Bad Apple,,,pending,
2026-09-21,12:53,Percy Sledge,When A Man Loves A Woman,,,pending,
2026-09-21,12:48,Bobbie Gentry,Fancy,,,pending,
2026-09-21,12:46,Candi Staton,I'd Rather Be an Old Man's Sweetheart,,,pending,
2026-09-21,12:42,Otis Redding,You Left the Water Running,,,pending,
2026-09-21,12:39,Aretha Franklin,Chain Of Fools,,,pending,
2026-09-21,12:36,Aretha Franklin,I Never Loved A Man (The Way I Love You),,,pending,
2026-09-21,12:32,Little Richard,I Saw Her Standing There,,,pending,
2026-09-21,12:28,Bobby Moore & the Rhythm Aces,Searching for My Love,,,pending,
2026-09-21,12:25,Etta James,Tell Mama,,,pending,
2026-09-21,12:22,James & Bobby Purify,I'm Your Puppet,,,pending,
2026-09-21,12:17,Wilson Pickett,Hey Jude,,,pending,
2026-09-21,12:14,Clarence Carter,Slip Away,,,pending,
2026-09-21,12:11,Arthur Conley,Sweet Soul Music,,,pending,
2026-09-21,12:07,Wilson Pickett,Land Of 1000 Dances,,,pending,
2026-09-21,12:03,Jimmy Hughes,Steal Away,,,pending,
2026-09-21,11:57,Luther Vandross,Heaven Knows (Classic Radio Mix),,,pending,
2026-09-21,11:54,Michael Jackson,Love Never Felt So Good (feat. Justin Timberlake) (feat. Justin Timberlake),,,pending,
2026-09-21,11:51,Marvin Gaye & Tammi Terrell,You're All I Need To Get By,,,pending,
2026-09-21,11:48,Marmalade,Lovin' Things,,,pending,
2026-09-21,11:44,The Detroit Spinners,Are You Ready For Love,,,pending,
2026-09-21,11:42,The Beatles,Eleanor Rigby,,,pending,
2026-09-21,11:38,Patti LaBelle & Michael McDonald,On My Own,,,pending,
2026-09-21,11:34,The Sunburst Band,Reach For My Love,,,pending,
2026-09-21,11:32,Elvis Presley,Teddy Bear,,,pending,
2026-09-21,11:29,The Tymes,You Little Trust Maker,,,pending,
2026-09-21,11:26,Melba Moore,Love Wins Everytime,,,pending,
2026-09-21,11:23,Danny & the Juniors,At The Hop,,,pending,
2026-09-21,11:19,Diana Ross,My Old Piano,,,pending,
2026-09-21,11:10,Al Stewart,Year Of The Cat,,,pending,
2026-09-21,11:04,The Ronettes,Do I Love You,,,pending,
2026-09-21,10:56,Rick Astley,Never Gonna Give You Up,,,pending,
2026-09-21,10:50,M|A|R|R|S,Pump Up The Volume,,,pending,
2026-09-21,10:46,Cliff Richard,Some People,,,pending,
2026-09-21,10:42,Madonna,Causing A Commotion,,,pending,
2026-09-21,10:38,Michael Jackson,Bad,,,pending,
2026-09-21,10:33,T’Pau,Heart And Soul,,,pending,
2026-09-21,10:29,Fat Boys & The Beach Boys,Wipeout,,,pending,
2026-09-21,10:25,Karel Fialka,Hey Matthew,,,pending,
2026-09-21,10:20,Level 42,It's Over,,,pending,
2026-09-21,10:14,U2,Where The Streets Have No Name,,,pending,
2026-09-21,10:05,Def Leppard,Pour Some Sugar On Me,,,pending,
2026-09-21,09:56,Gary Numan,Cars,,,pending,
2026-09-21,09:50,Cliff Richard,We Don't Talk Anymore,,,pending,
2026-09-21,09:46,Electric Light Orchestra,Don't Bring Me Down,,,pending,
2026-09-21,09:42,The Bellamy Brothers,If I Said You Had A Beautiful Body,,,pending,
2026-09-21,09:39,Dollar,Love's Gotta Hold On Me,,,pending,
2026-09-21,09:34,The Crusaders,Street Life,,,pending,
2026-09-21,09:31,B.A. Robertson,Bang Bang,,,pending,
2026-09-21,09:27,The Police,Message In A Bottle,,,pending,
2026-09-21,09:22,Randy VanWarmer,Just When I Needed You Most,,,pending,
2026-09-21,09:19,Roxy Music,Angel Eyes,,,pending,
2026-09-21,09:14,Commodores,Sail On,,,pending,
2026-09-21,09:11,The Flying Lizards,Money,,,pending,
2026-09-21,09:08,The Specials,Gangsters,,,pending,
2026-09-21,09:05,Sister Sledge,Lost In Music,,,pending,
2026-09-21,08:56,Santana,She's Not There,,,pending,
2026-09-21,08:51,Flamin’ Groovies,Shake Some Action,,,pending,
2026-09-21,08:47,Thin Lizzy,Dancing in the Moonlight (It's Caught Me In Its Spotlight),,,pending,
2026-09-21,08:43,Tom Petty and the Heartbreakers,Parade of Loons,,,pending,
2026-09-21,08:39,Typically Tropical,Barbados,,,pending,
2026-09-21,08:33,Aretha Franklin,Rock Steady,,,pending,
2026-09-21,08:27,Guy Clark,She Ain't Going Nowhere,,,pending,
2026-09-21,08:22,Starbuck,Moonlight Feels Right,,,pending,
2026-09-21,08:18,Black Sabbath,Paranoid,,,pending,
2026-09-21,08:13,Raydio,Jack & Jill,,,pending,
2026-09-21,08:09,Al Wilson,The Snake,,,pending,
2026-09-21,08:05,Jackson Browne,Doctor My Eyes,,,pending,
2026-09-21,07:55,The Specials,"A Message To You, Rudy (feat. Rico Rodriguez)",,,pending,
2026-09-21,07:53,David Bowie,Heroes,,,pending,
2026-09-21,07:50,T. Rex,Get It On,,,pending,
2026-09-21,07:45,The Blues Brothers,Soul Man (Live),,,pending,
2026-09-21,07:40,Queen,I'm In Love With My Car,,,pending,
2026-09-21,07:32,Elton John,Funeral For A Friend / Love Lies Bleeding,,,pending,
2026-09-21,07:26,The Four Seasons,The Night,,,pending,
2026-09-21,07:21,The Who,The Seeker,,,pending,
2026-09-21,07:17,Cher,"Gypsies, Tramps & Thieves",,,pending,
2026-09-21,07:11,The Kinks,Lola,,,pending,
2026-09-21,07:05,David Bowie,Fame,,,pending,
2026-09-21,06:56,Celinde Schoenmaker & Marisha Wallace,Marry The Man Today,,,pending,
2026-09-21,06:51,Danny Burstein & Jessica Hecht,Do You Love Me?,,,pending,
2026-09-21,06:47,Caissie Levy,I Miss The Mountains,,,pending,
2026-09-21,06:42,Imelda Staunton & Michael Ball,By The Sea,,,pending,
2026-09-21,06:36,"Stephanie J. Block, Teal Wicks, Micaela Diamond, Michael Berresse & The Cher Show Ensemble",Ain't Nobody's Business If I Do,,,pending,
2026-09-21,06:27,The Cast Of Six,Six,,,pending,
2026-09-21,06:23,Joanna Woodward & Original Cast of The Time Traveller's Wife The Musical,Masterpiece,,,pending,
2026-09-21,06:18,Sara Bareilles,Moments In The Woods,,,pending,
2026-09-21,06:13,"Christopher Walken, John Travolta & Motion Picture Cast of Hairspray",(You're) Timeless To Me,,,pending,
2026-09-21,05:57,The Company of Rent,Seasons Of Love,,,pending,
2026-09-21,05:55,Kristen Lee Kelly,Voice Mail #1,,,pending,
2026-09-21,05:50,"Jonathan Groff, Tammy Blanchard & Little Shop of Horrors Off-Broadway Revival Company",Suddenly Seymour,,,pending,
2026-09-21,05:46,Beverley Knight,March Women March,,,pending,
2026-09-21,05:40,Sting,The Last Ship,,,pending,
2026-09-21,05:35,"Craig Mather, Simon Lipkin & Original London Cast Of The Wind In The Willows",Messing About in a Boat,,,pending,
2026-09-21,05:34,Simon Lipkin,Reviewing the Situation,,,pending,
2026-09-21,05:23,Jonathan Groff,You'll Be Back,,,pending,
2026-09-21,05:17,Lea Salonga & Simon Bowman,The Last Night Of The World,,,pending,
2026-09-21,05:13,ABC,The Look Of Love (Radio 2 In The Park 2026),,,pending,
2026-09-21,05:07,Douglas Hodge & Members of the Cast,It Must Be Believed To Be Seen,,,pending,
2026-09-21,05:07,Baker Mukasa & Original Cast of Standing At the Sky's Edge,Tonight The Streets Are Ours - Live,,,pending,
2026-09-21,04:52,Oasis,Champagne Supernova,,,pending,
2026-09-21,04:47,Donna Summer,I Feel Love,,,pending,
2026-09-21,04:36,sombr,Homewrecker,,,pending,
2026-09-21,04:26,Dua Lipa,Training Season,,,pending,
2026-09-21,04:16,Tony Christie,Las Vegas,,,pending,
2026-09-21,04:12,The Wombles,Remember You're A Womble,,,pending,
2026-09-21,04:03,ABBA,Lay All Your Love On Me,,,pending,
2026-09-21,03:58,Martha Reeves and the Vandellas,Dancing In The Street,,,pending,
2026-09-21,03:49,The Beautiful South,Perfect 10,,,pending,
2026-09-21,03:44,Soulsearcher,Can't Get Enough,,,pending,
2026-09-21,03:38,Roachford,Cuddly Toy,,,pending,
2026-09-21,03:32,Girls Aloud,Something Kinda Ooooh,,,pending,
2026-09-21,03:15,Simple Minds,Don't You (Forget About Me) (Radio 2 In The Park 2026),,,pending,
2026-09-21,02:57,Cher,The Shoop Shoop Song (It's in His Kiss),,,pending,
2026-09-21,02:52,Olivia Newton‐John,I Honestly Love You,,,pending,
2026-09-21,02:51,KWS,Please Don't Go,,,pending,
2026-09-21,02:51,Olive,You’re Not Alone,,,pending,
2026-09-21,02:46,Jon Secada,Just Another Day,,,pending,
2026-09-21,02:29,Will Young,Light My Fire,,,pending,
2026-09-21,02:23,Chaka Khan,Ain't Nobody (Radio 2 In The Park 2026),,,pending,
2026-09-21,02:20,Jackie Wilson,I Get the Sweetest Feeling,,,pending,
2026-09-21,02:14,Simply Red,For Your Babies,,,pending,
2026-09-21,02:03,Céline Dion,All By Myself,,,pending,
2026-09-21,01:56,Maria McKee,Show Me Heaven,,,pending,
2026-09-21,01:44,Parson James & Emeli Sandé,Love Right Here,,,pending,
2026-09-21,01:39,Tina Charles,I Love To Love,,,pending,
2026-09-21,01:28,Roxette,It Must Have Been Love,,,pending,
2026-09-21,01:23,Van Morrison,Have I Told You Lately That I Love You?,,,pending,
2026-09-21,01:13,Gabrielle,Dreams,,,pending,
2026-09-21,01:05,Michael Bublé,It's A Beautiful Day,,,pending,
2026-09-21,00:57,Kylie Minogue,The Loco-Motion,,,pending,
2026-09-21,00:45,Coldplay,feelslikeimfallinginlove,,,pending,
2026-09-21,00:41,Chic,Good Times,,,pending,
2026-09-21,00:34,Erasure,Stop!,,,pending,
2026-09-21,00:30,Christina Aguilera,What A Girl Wants,,,pending,
2026-09-21,00:22,Deacon Blue,Dignity (Radio 2 In The Park 2026),,,pending,
2026-09-21,00:17,Jamiroquai,Canned Heat,,,pending,
2026-09-21,00:13,Taylor Swift,Opalite,,,pending,
2026-09-21,00:05,Blondie,One Way Or Another,,,pending,
2026-09-22,Live,Jennifer Lopez,If You Had My Love,,,pending,
2026-09-22,19:04,Pet Shop Boys,Always On My Mind,,,pending,
2026-09-22,18:57,Rozalla,Everybody's Free (To Feel Good),,,pending,
2026-09-22,18:54,John Legend,Daylight,,,pending,
2026-09-22,18:50,Cass Elliot,It's Getting Better,,,pending,
2026-09-22,18:34,Billie Eilish,Birds Of A Feather,,,pending,
2026-09-22,18:24,Duran Duran,Girls On Film,,,pending,
2026-09-22,18:04,Edwyn Collins,A Girl Like You,,,pending,
2026-09-22,17:58,Paolo Nutini,Pencil Full Of Lead,,,pending,
2026-09-22,17:44,Tears for Fears,Mad World,,,pending,
2026-09-22,17:32,Irene Cara,Flashdance... What a Feeling,,,pending,
2026-09-22,17:21,Thin Lizzy,Whiskey In The Jar,,,pending,
2026-09-22,17:17,Years & Years,King,,,pending,
2026-09-22,17:11,Jocelyn Brown,Somebody Else's Guy,,,pending,
2026-09-22,17:03,Madonna,Hung Up,,,pending,
2026-09-22,16:56,The Delfonics,Didn't I (Blow Your Mind This Time),,,pending,
2026-09-22,16:52,Beyoncé,Me Myself And I,,,pending,
2026-09-22,16:48,Gotts Street Park & Pip Millett,Flowers,,,pending,
2026-09-22,16:43,Leroy Hutson,Lucky Fellow,,,pending,
2026-09-22,16:39,Coffee,Casanova,,,pending,
2026-09-22,16:34,De La Soul,"A Roller Skating Jam Named ""Saturdays""",,,pending,
2026-09-22,16:27,Vumaala,Stimela,,,pending,
2026-09-22,16:24,Doja Cat,Woman,,,pending,
2026-09-22,16:20,The O’Jays,My Favourite Person,,,pending,
2026-09-22,16:07,Simply Red,A New Flame,,,pending,
2026-09-22,16:04,Kool & the Gang,Hollywood Swinging,,,pending,
2026-09-22,15:57,Al Green,Let's Stay Together,,,pending,
2026-09-22,15:52,Mtume,Juicy Fruit,,,pending,
2026-09-22,15:49,amahla,Sticky,,,pending,
2026-09-22,15:46,Neneh Cherry,Manchild,,,pending,
2026-09-22,15:42,John Handy,Hard Work,,,pending,
2026-09-22,15:36,Erro,Change for Me,,,pending,
2026-09-22,15:25,Al Johnson & Jean Carne,I'm Back for More,,,pending,
2026-09-22,15:21,Aretha Franklin,Spanish Harlem,,,pending,
2026-09-22,15:16,X‐Press 2,Lazy (feat. David Byrne),,,pending,
2026-09-22,15:12,Third World,Now That We've Found Love,,,pending,
2026-09-22,15:04,Alexander O’Neal,Fake '88,,,pending,
2026-09-22,14:57,Shelby Lynne,Will The Circle Be Unbroken,,,pending,
2026-09-22,14:52,Tyler Bryant & The Shakedown,Ramblin' Bones,,,pending,
2026-09-22,14:47,"Melvin Taylor, Lucky Peterson, Titus Williams & Ray ""Killer"" Allison",I'll Play The Blues For You,,,pending,
2026-09-22,14:41,Watermelon Slim,Vigilante Man,,,pending,
2026-09-22,14:34,Joanna Connor,The Sky Is Crying,,,pending,
2026-09-22,14:30,Charlie Worsham,Grass,,,pending,
2026-09-22,14:27,Muireann Bradley,Dancing On My Grave,,,pending,
2026-09-22,14:23,SatchVai,Mayhem,,,pending,
2026-09-22,14:17,Leonard Cohen,"Never Gave Nobody Trouble (Live At Odense Soundcheck, 2013)",,,pending,
2026-09-22,14:14,Ally Venable & Shemekia Copeland,Unbreakable,,,pending,
2026-09-22,14:11,Billy Hancock,The Boogie Disease,,,pending,
2026-09-22,14:07,Taj Mahal,She Caught The Katy And Left Me A Mule To Ride,,,pending,
2026-09-22,14:03,The Blues Brothers,Everybody Needs Somebody To Love,,,pending,
2026-09-22,13:58,Frank Sinatra,Strangers In The Night,,,pending,
2026-09-22,13:54,TOMORA,Celebration,,,pending,
2026-09-22,13:50,Suede,Trash,,,pending,
2026-09-22,13:43,Milton Nascimento,San Vicente,,,pending,
2026-09-22,13:33,The Gap Band,You Dropped A Bomb On Me,,,pending,
2026-09-22,13:27,Beck,It Ends Right Here,,,pending,
2026-09-22,13:20,Fcukers,Bon Bon,,,pending,
2026-09-22,13:12,Prince,When Doves Cry,,,pending,
2026-09-22,13:08,Editors,Seriously,,,pending,
2026-09-22,13:04,Shocking Blue,Send Me A Postcard,,,pending,
2026-09-22,12:57,beabadoobee,Write Me A Letter,,,pending,
2026-09-22,12:51,Nicky Thomas,Love Of The Common People,,,pending,
2026-09-22,12:46,Joy Crookes,Painkiller (feat. Denzel Curry),,,pending,
2026-09-22,12:40,Suede,Filmstar,,,pending,
2026-09-22,12:38,Beck,The New Pollution,,,pending,
2026-09-22,12:38,Beck,Loser,,,pending,
2026-09-22,12:34,Snow Patrol,Set the Fire to the Third Bar (feat. Martha Wainwright),,,pending,
2026-09-22,12:31,Andy Burrows,Nothing Matters Anyway,,,pending,
2026-09-22,12:26,Nelly,Dilemma (feat. Kelly Rowland),,,pending,
2026-09-22,12:22,DJ Fresh,Gold Dust (feat. Ms. Dynamite),,,pending,
2026-09-22,12:19,Olivia Dean,Dive,,,pending,
2026-09-22,12:15,Mumford & Sons,The Wolf,,,pending,
2026-09-22,12:11,Gnarls Barkley,Smiley Faces,,,pending,
2026-09-22,12:08,Yazoo,Situation,,,pending,
2026-09-22,12:04,Pulp,Disco 2000,,,pending,
2026-09-22,11:58,Blondie,Heart Of Glass,,,pending,
2026-09-22,11:53,Art Garfunkel,Bright Eyes,,,pending,
2026-09-22,11:48,Electric Light Orchestra,Last Train To London,,,pending,
2026-09-22,11:44,The Jacksons,Shake Your Body (Down To The Ground),,,pending,
2026-09-22,11:39,Roxy Music,Dance Away,,,pending,
2026-09-22,11:27,Cher,Walking in Memphis,,,pending,
2026-09-22,11:14,Del Amitri,Always The Last To Know,,,pending,
2026-09-22,11:03,Adele,Rolling In The Deep,,,pending,
2026-09-22,10:56,Karen Ramirez,Looking For Love,,,pending,
2026-09-22,10:53,Faith Hill,There You'll Be,,,pending,
2026-09-22,10:39,Keane,Everybody's Changing,,,pending,
2026-09-22,10:23,Junior,Mama Used To Say,,,pending,
2026-09-22,10:12,Christopher Cross,Ride Like The Wind,,,pending,
2026-09-22,10:05,The Corrs,Breathless,,,pending,
2026-09-22,09:56,Elton John,Are You Ready for Love,,,pending,
2026-09-22,09:43,Dire Straits,Money For Nothing,,,pending,
2026-09-22,09:30,Wax,Bridge To Your Heart,,,pending,
2026-09-22,09:27,Justin Bieber,Sorry,,,pending,
2026-09-22,09:08,Lady Gaga,The Edge Of Glory,,,pending,
2026-09-22,09:04,Eurythmics,Sweet Dreams (Are Made Of This),,,pending,
2026-09-22,08:58,Bob & Earl,The Harlem Shuffle,,,pending,
2026-09-22,08:51,Jon Poppii,Mourning,,,pending,
2026-09-22,08:46,Luther Vandross,Never Too Much,,,pending,
2026-09-22,08:26,Alicia Keys,Fallin',,,pending,
2026-09-22,08:14,George Benson,Give Me The Night,,,pending,
2026-09-22,08:06,Soul II Soul,Back to Life (However Do You Want Me) (feat. Caron Wheeler),,,pending,
2026-09-22,08:03,Destiny’s Child,Bootylicious,,,pending,
2026-09-22,07:57,The Monkees,I'm A Believer,,,pending,
2026-09-22,07:49,Ella Henderson,Ghost,,,pending,
2026-09-22,07:37,Dina Carroll,Ain't No Man,,,pending,
2026-09-22,07:32,Dionne Farris,Hopeless,,,pending,
2026-09-22,07:17,Jessie J,Price Tag (feat. B.o.B),,,pending,
2026-09-22,07:14,Taylor Swift,"I Knew It, I Knew You",,,pending,
2026-09-22,07:08,Aretha Franklin,Freeway Of Love,,,pending,
2026-09-22,07:04,Madonna,Vogue,,,pending,
2026-09-22,06:52,Sheryl Crow,Freedom Bus (feat. Jesse Welles),,,pending,
2026-09-22,06:35,Pet Shop Boys,Suburbia,,,pending,
2026-09-22,06:06,Calvin Harris & Rag’n’Bone Man,Giant,,,pending,
2026-09-22,05:55,Chris Rea,Let's Dance,,,pending,
2026-09-22,05:18,Razorlight,America,,,pending,
2026-09-22,05:04,Billy Joel,Uptown Girl,,,pending,
2026-09-22,04:57,Elastica,Connection,,,pending,
2026-09-22,04:55,Gonzalez,I Haven't Stopped Dancing Yet,,,pending,
2026-09-22,04:49,Alanis Morissette,You Oughta Know,,,pending,
2026-09-22,04:40,Kylie Minogue,Hand On Your Heart,,,pending,
2026-09-22,04:33,Toni Basil,Mickey,,,pending,
2026-09-22,04:26,Simply Red,Ain't That a Lot of Love,,,pending,
2026-09-22,04:23,Chaka Khan,Heart Of Gold,,,pending,
2026-09-22,04:03,Garbage,Stupid Girl,,,pending,
2026-09-22,03:53,Stevie Wonder,"Signed, Sealed, Delivered I'm Yours",,,pending,
2026-09-22,03:37,Barry White,"You're the First, the Last, My Everything",,,pending,
2026-09-22,03:27,Jessie Ware,Pearls,,,pending,
2026-09-22,03:24,The Temptations,Ain't Too Proud To Beg,,,pending,
2026-09-22,03:14,Reef,Place Your Hands,,,pending,
2026-09-22,03:03,The Killers,Somebody Told Me,,,pending,
2026-09-22,02:57,Otis Redding,Love Man,,,pending,
2026-09-22,02:48,The Sugarhill Gang,Rapper's Delight,,,pending,
2026-09-22,02:43,Cheryl,Fight For This Love,,,pending,
2026-09-22,02:34,Diana Ross,I'm Coming Out,,,pending,
2026-09-22,02:30,Bruno Mars,Locked Out Of Heaven,,,pending,
2026-09-22,02:27,Ike & Tina Turner,Nutbush City Limits,,,pending,
2026-09-22,02:24,Sly & the Family Stone,Dance To The Music,,,pending,
2026-09-22,02:19,Queen,Crazy Little Thing Called Love,,,pending,
2026-09-22,02:12,"Earth, Wind & Fire",September,,,pending,
2026-09-22,02:03,Justin Timberlake,Like I Love You (feat. Clipse),,,pending,
2026-09-22,01:33,Talking Heads,Road To Nowhere,,,pending,
2026-09-22,01:27,Gabriella Cilmi,Sweet About Me,,,pending,
2026-09-22,01:17,The Corrs,Dreams,,,pending,
2026-09-22,01:05,Dire Straits,Walk Of Life,,,pending,
2026-09-22,00:56,Bastille,Pompeii,,,pending,
2026-09-22,00:51,James Arthur,Waste My Tears,,,pending,
2026-09-22,00:41,Rockwell,Somebody's Watching Me,,,pending,
2026-09-22,00:38,Daryl Hall & John Oates,Private Eyes,,,pending,
2026-09-22,00:33,Madison Avenue,Don't Call Me Baby (Motez Vicious21 Remix),,,pending,
2026-09-22,00:27,Soft Cell,Tainted Love,,,pending,
2026-09-22,00:09,Jennifer Lopez,Jenny from the Block (feat. Jadakiss & Styles P),,,pending,
2026-09-23,Live,King Harvest,Dancing In The Moonlight,,,pending,
2026-09-23,19:48,The Smiths,Heaven Knows I'm Miserable Now,,,pending,
2026-09-23,19:33,The Detroit Spinners,Working My Way Back To You,,,pending,
2026-09-23,19:22,Robert Palmer,Mercy Mercy Me/I Want You,,,pending,
2026-09-23,19:18,Robbie Williams,Feel,,,pending,
2026-09-23,19:04,George Michael,Fastlove,,,pending,
2026-09-23,18:57,Salt‐N‐Pepa,Push It,,,pending,
2026-09-23,18:55,Blur,Song 2,,,pending,
2026-09-23,18:46,Shalamar,I Can Make You Feel Good,,,pending,
2026-09-23,18:39,The La’s,There She Goes,,,pending,
2026-09-23,18:32,Clean Bandit,Symphony (feat. Zara Larsson),,,pending,
2026-09-23,18:22,Liquid Gold,Dance Yourself Dizzy,,,pending,
2026-09-23,18:18,Madness,It Must Be Love,,,pending,
2026-09-23,18:03,Eternal,I Wanna Be The Only One (feat. BeBe Winans),,,pending,
2026-09-23,17:57,Weldon Irvine,I Love You,,,pending,
2026-09-23,17:53,Omar,There's Nothing Like This,,,pending,
2026-09-23,17:50,AMANZI,I Gave You Grace,,,pending,
2026-09-23,17:45,Kenny Lattimore,Come To Me,,,pending,
2026-09-23,17:39,Glenn Jones,Meet Me Halfway There,,,pending,
2026-09-23,17:34,Louis Baker,Mighty Tree,,,pending,
2026-09-23,17:29,Randy Crawford,Rainy Night in Georgia,,,pending,
2026-09-23,17:26,Five Star,Rain Or Shine,,,pending,
2026-09-23,17:21,Arrested Development,People Everyday,,,pending,
2026-09-23,17:19,Groove Theory,Tell Me,,,pending,
2026-09-23,17:16,Artful Dodger,Rewind (The Crowd Say Bo Selecta) (feat. Craig David),,,pending,
2026-09-23,17:11,Jay Sean,Body,,,pending,
2026-09-23,17:07,Miguel,Sure Thing,,,pending,
2026-09-23,17:04,Tavares,I Wanna See You Soon,,,pending,
2026-09-23,16:55,Toto,Georgy Porgy,,,pending,
2026-09-23,16:53,Dawn Penn,You Don't Love Me (No No No),,,pending,
2026-09-23,16:49,Johnny Burgos,Can't Wait,,,pending,
2026-09-23,16:44,"Earth, Wind & Fire",Love's Holiday,,,pending,
2026-09-23,16:38,Bobby V.,Slow Down,,,pending,
2026-09-23,16:34,Lalah Hathaway,Can't Let Go,,,pending,
2026-09-23,16:30,Timmy Thomas,Why Can't We Live Together,,,pending,
2026-09-23,16:25,Prince & The Revolution,Raspberry Beret,,,pending,
2026-09-23,16:15,Eighties Ladies,Turned on to You,,,pending,
2026-09-23,16:12,Eddie Floyd,Knock On Wood,,,pending,
2026-09-23,16:07,Monica,The First Night,,,pending,
2026-09-23,16:04,The Isley Brothers,That Lady (Part 1),,,pending,
2026-09-23,15:56,John Coltrane,Giant Steps,,,pending,
2026-09-23,15:44,Denys Baptiste & Gary Crosby Quartet,A Love Supreme (Part 1) (Live at BBC Proms 2026),,,pending,
2026-09-23,15:36,The Branford Marsalis Quartet & Dianne Reeves,They Say It's Wonderful,,,pending,
2026-09-23,15:31,John Coltrane,Crescent,,,pending,
2026-09-23,15:25,John Coltrane & Johnny Hartman,My One and Only Love,,,pending,
2026-09-23,15:21,John Coltrane,Blue Train,,,pending,
2026-09-23,15:14,Miles Davis Quintet,Trane's Blues,,,pending,
2026-09-23,15:08,Billy Valentine,Beer Drinking Baby,,,pending,
2026-09-23,15:04,John Coltrane,My Favorite Things,,,pending,
2026-09-23,14:55,The War on Drugs,Who's That,,,pending,
2026-09-23,14:52,Carly Rae Jepsen,Blue Skies,,,pending,
2026-09-23,14:48,The Streets,Let's Push Things Forward,,,pending,
2026-09-23,14:43,Suede,Saturday Night,,,pending,
2026-09-23,14:39,boygenius,Cool About It,,,pending,
2026-09-23,14:20,XTC,Senses Working Overtime,,,pending,
2026-09-23,14:12,Olivia Rodrigo & Robert Smith,what's wrong with me,,,pending,
2026-09-23,14:08,Dylan,to love and to lose,,,pending,
2026-09-23,14:03,Badly Drawn Boy,Something to Talk About,,,pending,
2026-09-23,13:56,Beck,Disappearing Act,,,pending,
2026-09-23,13:52,ADÉLA,Nicole Kidman,,,pending,
2026-09-23,13:49,The Stranglers,Golden Brown,,,pending,
2026-09-23,13:41,The Strokes,Going Shopping,,,pending,
2026-09-23,13:36,Jessie Ware,If You're Never Gonna Move,,,pending,
2026-09-23,13:31,Jamie T,Tallahassee,,,pending,
2026-09-23,13:27,Sneaker Pimps,Spin Spin Sugar,,,pending,
2026-09-23,13:24,Jungle,Busy Earnin',,,pending,
2026-09-23,13:21,Isaac Hayes,Theme From Shaft,,,pending,
2026-09-23,13:17,Iggy Azalea,Fancy (feat. Charli xcx),,,pending,
2026-09-23,13:14,Divine,You Think You're A Man,,,pending,
2026-09-23,13:10,A Flock of Seagulls,I Ran (So Far Away),,,pending,
2026-09-23,13:04,The White Stripes,Fell in Love With a Girl,,,pending,
2026-09-23,12:56,Aqua,Barbie Girl,,,pending,
2026-09-23,12:52,Natalie Imbruglia,Torn,,,pending,
2026-09-23,12:49,DJ Quicksilver,Bellissima,,,pending,
2026-09-23,12:41,Steps,"5,6,7,8",,,pending,
2026-09-23,12:33,Dannii Minogue,All I Wanna Do,,,pending,
2026-09-23,12:23,Cast,Walkaway,,,pending,
2026-09-23,12:06,En Vogue,My Lovin',,,pending,
2026-09-23,12:03,The Dandy Warhols,Bohemian Like You,,,pending,
2026-09-23,11:56,Westlife,World of Our Own,,,pending,
2026-09-23,11:52,Donna Summer,State Of Independence,,,pending,
2026-09-23,11:35,Justin Timberlake,Rock Your Body,,,pending,
2026-09-23,11:25,Florrie,Warrior,,,pending,
2026-09-23,11:19,Tina Turner,What's Love Got To Do With It,,,pending,
2026-09-23,11:11,Girls Aloud,The Promise,,,pending,
2026-09-23,11:05,Jane Wiedlin,Rush Hour,,,pending,
2026-09-23,10:56,Texas,In Our Lifetime,,,pending,
2026-09-23,10:44,Taylor Swift,Love Story,,,pending,
2026-09-23,10:34,Phil Harris & Bruce Reitherman,The Bare Necessities,,,pending,
2026-09-23,10:25,Lily Allen,Smile,,,pending,
2026-09-23,10:13,Tears for Fears,Sowing The Seeds Of Love,,,pending,
2026-09-23,10:08,Anastacia,Left Outside Alone,,,pending,
2026-09-23,10:04,INXS,New Sensation,,,pending,
2026-09-23,09:56,Joan Armatrading,Drop The Pilot,,,pending,
2026-09-23,09:50,Gabriella Cilmi,Pieces,,,pending,
2026-09-23,09:47,Cyndi Lauper,Girls Just Want To Have Fun,,,pending,
2026-09-23,09:25,Take That,Giants,,,pending,
2026-09-23,09:07,Bob Marley & The Wailers,Iron Lion Zion,,,pending,
2026-09-23,09:04,Bananarama,Cruel Summer,,,pending,
2026-09-23,08:57,Joan Jett & The Blackhearts,I Love Rock 'n' Roll,,,pending,
2026-09-23,08:51,Darius,Colourblind,,,pending,
2026-09-23,08:45,Tom Jones,Mama Told Me Not To Come (feat. Stereophonics),,,pending,
2026-09-23,08:32,Womack & Womack,Life's Just A Ballgame,,,pending,
2026-09-23,08:26,Orchestral Manoeuvres in the Dark,If You Leave,,,pending,
2026-09-23,08:15,Johnny Hates Jazz,Shattered Dreams,,,pending,
2026-09-23,08:12,STELLA LEFTY,Boston,,,pending,
2026-09-23,08:07,Nik Kershaw,I Won't Let The Sun Go Down On Me,,,pending,
2026-09-23,08:04,McFadden & Whitehead,Ain't No Stoppin' Us Now,,,pending,
2026-09-23,07:58,Wham!,Wake Me Up Before You Go-Go,,,pending,
2026-09-23,07:51,Daryl Hall & John Oates,You Make My Dreams,,,pending,
2026-09-23,07:34,Sam Ryder,SPACE MAN,,,pending,
2026-09-23,07:05,Sister Sledge,We Are Family,,,pending,
2026-09-23,06:55,Destiny’s Child,Say My Name,,,pending,
2026-09-23,06:43,Kylie Minogue,On A Night Like This,,,pending,
2026-09-23,06:04,The Human League,Love Action (I Believe In Love),,,pending,
2026-09-23,05:57,The Whispers,And The Beat Goes On,,,pending,
2026-09-23,05:49,Dusty Springfield,You Don't Have To Say You Love Me,,,pending,
2026-09-23,05:40,Billie Holiday,God bless the child,,,pending,
2026-09-23,05:36,Fatboy Slim,Praise You,,,pending,
2026-09-23,05:24,Electric Light Orchestra,Confusion,,,pending,
2026-09-23,05:21,Chaka Khan,Cool You Down (feat. Sia),,,pending,
2026-09-23,05:15,Herbie Hancock,Rockit,,,pending,
2026-09-23,05:03,Blondie,Call Me,,,pending,
2026-09-23,04:53,Men at Work,Down Under,,,pending,
2026-09-23,04:36,Eurythmics,Right By Your Side,,,pending,
2026-09-23,04:26,Sienna Spiro,Great Expectation,,,pending,
2026-09-23,04:15,Marillion,Kayleigh,,,pending,
2026-09-23,04:03,Whitney Houston,Step By Step,,,pending,
2026-09-23,03:57,Gladys Knight & the Pips,Midnight Train To Georgia,,,pending,
2026-09-23,03:53,The Kooks,She Moves In Her Own Way,,,pending,
2026-09-23,03:46,Spandau Ballet,Chant No. 1 (I Don't Need This Pressure On),,,pending,
2026-09-23,03:42,Salt‐N‐Pepa,Whatta Man (feat. En Vogue),,,pending,
2026-09-23,03:34,Will Smith,Miami,,,pending,
2026-09-23,03:27,Billy Ocean,Love Really Hurts Without You,,,pending,
2026-09-23,03:22,Britney Spears,Toxic,,,pending,
2026-09-23,03:04,Yazz & The Plastic Population,The Only Way Is Up,,,pending,
2026-09-23,02:58,Aretha Franklin,(You Make Me Feel Like) A Natural Woman,,,pending,
2026-09-23,02:54,Bob Marley & The Wailers,Three Little Birds,,,pending,
2026-09-23,02:33,Go West,We Close Our Eyes,,,pending,
2026-09-23,02:27,George Ezra,Budapest,,,pending,
2026-09-23,02:16,New Order,True Faith '94,,,pending,
2026-09-23,02:05,The Police,Every Little Thing She Does Is Magic,,,pending,
2026-09-23,01:56,Freya Skye,bad taste,,,pending,
2026-09-23,01:49,Donna Summer,MacArthur Park,,,pending,
2026-09-23,01:44,DNCE,Cake By The Ocean,,,pending,
2026-09-23,01:39,Gerry Rafferty,Baker Street,,,pending,
2026-09-23,01:33,Tiffany,I Think We're Alone Now,,,pending,
2026-09-23,01:28,Olly Murs,Troublemaker (feat. Flo Rida),,,pending,
2026-09-23,01:23,Backstreet Boys,As Long As You Love Me,,,pending,
2026-09-23,01:09,Belinda Carlisle,Live Your Life Be Free,,,pending,
2026-09-23,01:05,Artful Dodger & Romina Johnson,Movin' Too Fast,,,pending,
2026-09-23,00:57,Modern Romance,Best Years Of Our Lives,,,pending,
2026-09-23,00:54,Olivia Dean,Man I Need,,,pending,
2026-09-23,00:48,Ariana Grande,One Last Time,,,pending,
2026-09-23,00:35,Santana,Smooth (feat. Rob Thomas),,,pending,
2026-09-23,00:31,Miami Sound Machine,Dr. Beat,,,pending,
2026-09-23,00:27,The Pointer Sisters,Automatic,,,pending,
2026-09-23,00:23,Rag’n’Bone Man,Human,,,pending,
2026-09-23,00:16,Inspiral Carpets,This Is How It Feels,,,pending,
2026-09-23,00:05,Lulu,Independence,,,pending,
2026-09-24,19:43,Five,Slam Dunk (Da Funk),,,pending,
2026-09-24,19:38,Holly Johnson,Americanos,,,pending,
2026-09-24,19:34,Sonique,Sky,,,pending,
2026-09-24,19:25,Belinda Carlisle,Leave A Light On,,,pending,
2026-09-24,19:16,Duffy,Mercy,,,pending,
2026-09-24,19:04,Bon Jovi,Livin' On A Prayer,,,pending,
2026-09-24,18:58,Harry Styles,Late Night Talking,,,pending,
2026-09-24,18:45,Echo & the Bunnymen,The Killing Moon,,,pending,
2026-09-24,18:35,Katy Perry,Part Of Me,,,pending,
2026-09-24,18:24,Creedence Clearwater Revival,Bad Moon Rising,,,pending,
2026-09-24,18:21,Alicia Keys,Empire State Of Mind (Part II) Broken Down,,,pending,
2026-09-24,18:13,Eurythmics,Who's That Girl?,,,pending,
2026-09-24,18:03,Prince & The Revolution,Let's Go Crazy,,,pending,
2026-09-24,17:56,Donald Byrd & Jam Master Jay,Stepping Into Tomorrow,,,pending,
2026-09-24,17:51,Carmel,More More More,,,pending,
2026-09-24,17:48,Jean Knight,Mr Big Stuff,,,pending,
2026-09-24,17:45,Tiana Major9,Alright!,,,pending,
2026-09-24,17:40,Stephanie Mills,(You're Puttin') A Rush On Me,,,pending,
2026-09-24,17:36,N‐Joi,Anthem,,,pending,
2026-09-24,17:31,Dan Hartman & Loleatta Holloway,Relight My Fire,,,pending,
2026-09-24,17:29,Jarrod Lawson,Midas Touch,,,pending,
2026-09-24,17:25,N*E*R*D,She Wants To Move,,,pending,
2026-09-24,17:20,Commodores,Lady (You Bring Me Up),,,pending,
2026-09-24,17:15,Whitney Houston & George Michael,If I Told You That,,,pending,
2026-09-24,17:07,Van McCoy,The Hustle,,,pending,
2026-09-24,17:04,Freeez,Southern Freeez,,,pending,
2026-09-24,16:56,Howard Hewett & Stanley Clarke,"Heaven Sent You (7"" Mix)",,,pending,
2026-09-24,16:52,Mariah Carey,Honey,,,pending,
2026-09-24,16:49,"Clean Bandit, Omah Lay & Chlöe",Company,,,pending,
2026-09-24,16:44,Artful Dodger,Think About Me (feat. Michelle Escoffery),,,pending,
2026-09-24,16:40,The Capitols,Cool Jerk,,,pending,
2026-09-24,16:36,"Lipps, Inc.",Funkytown,,,pending,
2026-09-24,16:24,Mis-Teeq,All I Want,,,pending,
2026-09-24,16:21,Musical Youth,Pass The Dutchie,,,pending,
2026-09-24,16:17,Lisa Stansfield,Someday (I'm Coming Back),,,pending,
2026-09-24,16:13,Harold Melvin & The Blue Notes,Where Are All My Friends,,,pending,
2026-09-24,16:04,Stevie Wonder,Do I Do,,,pending,
2026-09-24,15:56,Skerryvore,Fly,,,pending,
2026-09-24,15:51,The McCalmans,Hermless,,,pending,
2026-09-24,15:47,Hannah Rarity,Erin Go Brath,,,pending,
2026-09-24,15:44,Simon Howie Scottish Dance Band,The Duran Ranger Set (Reels),,,pending,
2026-09-24,15:40,Breabach,The Wee Spree,,,pending,
2026-09-24,15:35,Breabach,Angel Hill,,,pending,
2026-09-24,15:26,Breabach,Blàth na Bealtainne,,,pending,
2026-09-24,15:22,Ellie Beaton,"The Rigs O' Rye (BBC Radio Scotland Session, 15th January 2026)",,,pending,
2026-09-24,15:16,Dick Gaughan,Now Westlin Winds,,,pending,
2026-09-24,15:13,Rebecca Hill & Charlie Stewart,Kait's,,,pending,
2026-09-24,15:07,Birdvox,King Orfeo,,,pending,
2026-09-24,15:04,Beluga Lagoon,Bòcan,,,pending,
2026-09-24,14:56,Johnny Flynn & Laura Marling,The Water,,,pending,
2026-09-24,14:55,Khruangbin,May Ninth,,,pending,
2026-09-24,14:47,Man/Woman/Chainsaw,Something Else To Give,,,pending,
2026-09-24,14:37,Odyssey,Native New Yorker,,,pending,
2026-09-24,14:34,Geese,Cobra,,,pending,
2026-09-24,14:30,Antony Szmierek,The Heron,,,pending,
2026-09-24,14:23,The Rolling Stones,You Can't Always Get What You Want,,,pending,
2026-09-24,14:20,Sports Team,Billy,,,pending,
2026-09-24,14:17,Tiny Habits,Love Ruins Everything,,,pending,
2026-09-24,14:13,Lily Allen,Sleepwalking,,,pending,
2026-09-24,14:09,Westside Cowboy,"Well Done Kid, You Did It",,,pending,
2026-09-24,14:04,Lorde,Green Light,,,pending,
2026-09-24,13:58,Friendly Fires,Magnetic,,,pending,
2026-09-24,13:55,Tove Lo,source of life,,,pending,
2026-09-24,13:52,Sam Smith,My Guy,,,pending,
2026-09-24,13:48,Whitney Houston,I'm Your Baby Tonight,,,pending,
2026-09-24,13:39,Amy Winehouse,You Know I'm No Good,,,pending,
2026-09-24,13:33,The Wedding Present,Kennedy,,,pending,
2026-09-24,13:31,This Is the Kit,Skim a Stone,,,pending,
2026-09-24,13:27,Mantronix & Wondress Hutchinson,Got To Have Your Love,,,pending,
2026-09-24,13:23,The Charlatans,The Only One I Know,,,pending,
2026-09-24,13:19,Gwen McCrae,All This Love That I'm Giving,,,pending,
2026-09-24,13:15,SL2,On A Ragga Tip,,,pending,
2026-09-24,13:11,Smash Mouth,Walkin' On The Sun,,,pending,
2026-09-24,13:04,The Psychedelic Furs,Pretty In Pink,,,pending,
2026-09-24,12:56,Daft Punk,Get Lucky (feat. Pharrell Williams),,,pending,
2026-09-24,12:51,Katy Perry,Roar,,,pending,
2026-09-24,12:47,Idina Menzel,Let It Go,,,pending,
2026-09-24,12:41,Jake Bugg,Lightning Bolt,,,pending,
2026-09-24,12:37,Lana Del Rey,Summertime Sadness (Cedric Gervais Remix),,,pending,
2026-09-24,12:33,John Newman,Love Me Again,,,pending,
2026-09-24,12:30,Icona Pop,I Love It (feat. Charli xcx),,,pending,
2026-09-24,12:23,Spandau Ballet,Lifeline,,,pending,
2026-09-24,12:12,Sugababes,Push The Button,,,pending,
2026-09-24,12:07,Neneh Cherry,Buffalo Stance,,,pending,
2026-09-24,12:03,The Lightning Seeds,Lucky You,,,pending,
2026-09-24,11:57,Billy Joel,Tell Her About It,,,pending,
2026-09-24,11:48,The Beatles,A Hard Day's Night,,,pending,
2026-09-24,11:37,Dodgy,Good Enough,,,pending,
2026-09-24,11:20,Take That,Shine,,,pending,
2026-09-24,11:12,Spiller,Groovejet (If This Ain't Love) (feat. Sophie Ellis‐Bextor),,,pending,
2026-09-24,11:05,Don Henley,The Boys Of Summer,,,pending,
2026-09-24,10:56,Backstreet Boys,Quit Playing Games (With My Heart),,,pending,
2026-09-24,10:47,Jamie Miller,Babydoll,,,pending,
2026-09-24,10:41,Pet Shop Boys,It's A Sin,,,pending,
2026-09-24,10:29,Kylie Minogue,Love At First Sight,,,pending,
2026-09-24,10:25,a‐ha,The Sun Always Shines on TV,,,pending,
2026-09-24,10:08,Rihanna,Umbrella (feat. JAY-Z),,,pending,
2026-09-24,10:04,Wham!,Bad Boys,,,pending,
2026-09-24,09:55,New Radicals,Get What You Give,,,pending,
2026-09-24,09:53,Samantha Mumba,Gotta Tell You,,,pending,
2026-09-24,09:44,Gotts Street Park,Flowers (feat. Pip Millett),,,pending,
2026-09-24,09:43,Paul Young,Love Of The Common People,,,pending,
2026-09-24,09:06,Michael Jackson,Off The Wall,,,pending,
2026-09-24,09:03,Fine Young Cannibals,She Drives Me Crazy,,,pending,
2026-09-24,08:58,Thin Lizzy,Sarah,,,pending,
2026-09-24,08:52,Doja Cat,Say So,,,pending,
2026-09-24,08:43,Calvin Harris & Dua Lipa,One Kiss,,,pending,
2026-09-24,08:36,Black Eyed Peas,Let's Get It Started,,,pending,
2026-09-24,08:30,Change,Warm,,,pending,
2026-09-24,08:17,Marvin Gaye,Too Busy Thinking About My Baby,,,pending,
2026-09-24,08:07,Talking Heads,Once In A Lifetime,,,pending,
2026-09-24,07:57,Amy Grant,Baby Baby,,,pending,
2026-09-24,07:52,Dusty Springfield,I Just Don't Know What To Do With Myself,,,pending,
2026-09-24,07:29,Electric Light Orchestra,The Diary Of Horace Wimp,,,pending,
2026-09-24,07:06,Wings,Listen To What The Man Said,,,pending,
2026-09-24,06:55,Bananarama,Love In The First Degree,,,pending,
2026-09-24,06:45,Myles Smith,Stargazing,,,pending,
2026-09-24,06:34,Orchestral Manoeuvres in the Dark,Talking Loud And Clear,,,pending,
2026-09-24,06:29,Ashford & Simpson,Solid,,,pending,
2026-09-24,06:04,David Bowie,Ashes to Ashes,,,pending,
2026-09-24,05:56,The Smiths,There Is A Light That Never Goes Out,,,pending,
2026-09-24,05:52,Doris Day,A Bushel and a Peck,,,pending,
2026-09-24,05:43,Ms. Lauryn Hill,Nothing Even Matters (feat. D’Angelo),,,pending,
2026-09-24,04:56,Elvis Costello & The Attractions,Pump It Up,,,pending,
2026-09-24,04:53,Amy Winehouse,Back To Black,,,pending,
2026-09-24,04:25,Wham!,Freedom,,,pending,
2026-09-24,04:12,The Hues Corporation,Rock The Boat,,,pending,
2026-09-24,04:03,Glenn Frey,The Heat Is On,,,pending,
2026-09-24,03:46,Shanks & Bigfoot,Sweet Like Chocolate,,,pending,
2026-09-24,03:42,Daryl Hall & John Oates,Maneater,,,pending,
2026-09-24,03:34,Jennifer Lopez,Ain't It Funny,,,pending,
2026-09-24,03:30,Ian Dury & the Blockheads,Hit Me With Your Rhythm Stick,,,pending,
2026-09-24,03:26,The Foundations,Build Me Up Buttercup,,,pending,
2026-09-24,03:23,Lady Gaga & Bruno Mars,Die With A Smile,,,pending,
2026-09-24,03:18,Olivia Newton‐John & Electric Light Orchestra,Xanadu,,,pending,
2026-09-24,03:04,Eurythmics,There Must Be An Angel (Playing With My Heart),,,pending,
2026-09-24,02:43,Frankie Goes to Hollywood,The Power Of Love,,,pending,
2026-09-24,02:34,The Cure,In Between Days,,,pending,
2026-09-24,02:28,The Supremes,Nathan Jones,,,pending,
2026-09-24,02:16,Girls Aloud,Sound Of The Underground,,,pending,
2026-09-24,01:58,Andy Williams,Music To Watch Girls By,,,pending,
2026-09-24,01:54,Delta Goodrem,Warrior,,,pending,
2026-09-24,01:48,Black Eyed Peas,I Gotta Feeling,,,pending,
2026-09-24,01:39,The Clash,Should I Stay Or Should I Go,,,pending,
2026-09-24,01:24,Chas & Dave,Ain't No Pleasing You,,,pending,
2026-09-24,01:09,Katy Perry,California Gurls,,,pending,
2026-09-24,01:05,The Pointer Sisters,Jump (For My Love),,,pending,
2026-09-24,00:58,T. Rex,Ride a White Swan,,,pending,
2026-09-24,00:48,Maroon 5,Payphone (feat. Wiz Khalifa) (feat. Wiz Khalifa),,,pending,
2026-09-24,00:35,Alanis Morissette,Ironic,,,pending,
2026-09-24,00:31,Stevie Wonder,Part-Time Lover,,,pending,
2026-09-24,00:27,Moloko,Sing It Back,,,pending,
2026-09-24,00:24,Robin S,Show Me Love,,,pending,
2026-09-24,00:05,Beyoncé,Crazy in Love (feat. JAY-Z),,,pending,
