date,time,artist,title,genre,deezer_link,youtube_added,youtube_video_id
2026-09-05,Live,Ruze & Ryan Nicholls,Time Again,Unknown,https://www.deezer.com/track/3603456342,yes,tWIJXncQOCM
2026-09-05,12:56,All Saints,Pure Shores,Unknown,https://www.deezer.com/track/475397982,pending,
2026-09-05,12:51,Tim Deluxe,It Just Won't Do (Dub Mix),Unknown,https://www.deezer.com/track/14748021,pending,
2026-09-05,12:49,Space Cowboy,I Would Die 4 U,Unknown,https://www.deezer.com/track/14210221,pending,
2026-09-05,12:45,Mr Hermano,Hypnotista (Ambient Dub),Unknown,https://www.deezer.com/track/73599144,pending,
2026-09-05,12:31,Camisra,Let Me Show You,Unknown,https://www.deezer.com/track/3441398331,pending,
2026-09-05,12:30,Fatboy Slim,"Right Here, Right Now",Unknown,https://www.deezer.com/track/15686769,pending,
2026-09-05,12:30,Underworld,Born Slippy,Unknown,https://www.deezer.com/track/82265248,pending,
2026-09-05,12:25,High Contrast,Music Is Everything,Unknown,https://www.deezer.com/track/1053472862,pending,
2026-09-05,12:17,The Streets,Weak Become Heroes,Unknown,https://www.deezer.com/track/6112956,pending,
2026-09-05,12:00,Moby,In This World,Unknown,https://www.deezer.com/track/1895213657,pending,
2026-09-05,11:56,Basement Jaxx,Do Your Thing,Unknown,https://www.deezer.com/track/567656012,pending,
2026-09-05,11:53,Layo & Bushwacka!,Love Story (Vs Finally),Unknown,https://www.deezer.com/track/940287,pending,
2026-09-05,11:49,Paul Oakenfold,Southern Sun (DJ Tiesto Remix),Unknown,https://www.deezer.com/track/3383567841,pending,
2026-09-05,11:46,Scissor Sisters,Comfortably Numb,Unknown,https://www.deezer.com/track/984088782,pending,
2026-09-05,11:41,Timo Maas,To Get Down,Unknown,https://www.deezer.com/track/680610,pending,
2026-09-05,11:38,Junior Jack,Thrill Me,Unknown,https://www.deezer.com/track/3757573,pending,
2026-09-05,11:35,Benny Benassi,Satisfaction,Unknown,https://www.deezer.com/track/82723672,pending,
2026-09-05,11:32,New Order,Blue Monday,Unknown,https://www.deezer.com/track/706051,pending,
2026-09-05,11:24,Kylie Minogue,Come into My World (Fischerspooner Mix),Unknown,https://www.deezer.com/track/3164029,pending,
2026-09-05,11:20,DB Boulevard,Point Of View,Unknown,https://www.deezer.com/track/509076672,pending,
2026-09-05,11:12,The Chemical Brothers,Star Guitar,Unknown,https://www.deezer.com/track/3088130,pending,
2026-09-05,11:04,David Guetta,Love Don't Let Me Go,Unknown,https://www.deezer.com/track/3544008,pending,
2026-09-05,11:00,Shakedown,At Night,Unknown,https://www.deezer.com/track/6322621,pending,
2026-09-05,10:55,FISHER,What A Life (feat. Florence Arman),Unknown,https://www.deezer.com/track/4060215451,pending,
2026-09-05,10:52,Chase & Status,Gone Too Far (feat. Debbie),Unknown,https://www.deezer.com/track/4215099272,pending,
2026-09-05,10:47,Charlotte Plank & Notion,Burberry,Unknown,https://www.deezer.com/track/4200662702,pending,
2026-09-05,10:45,Aitch,RMB (Ring My Bell),Unknown,https://www.deezer.com/track/4020194161,pending,
2026-09-05,10:41,Interplanetary Criminal & Silva Bumpa,Hold Da Phone,Unknown,https://www.deezer.com/track/4233537022,pending,
2026-09-05,10:36,TSHA,Tell Me (feat. Pollena),Unknown,https://www.deezer.com/track/4174108522,pending,
2026-09-05,10:34,D.O.D & Izzy Bizu,Careful,Unknown,https://www.deezer.com/track/4167367352,pending,
2026-09-05,10:31,goddard. & Charlotte Haining,Stamina,Unknown,https://www.deezer.com/track/4170984332,pending,
2026-09-05,10:27,CHRIS STASSY,Wide Awake,Unknown,https://www.deezer.com/track/3877265471,pending,
2026-09-05,10:25,Clementine Douglas,Trust,Unknown,https://www.deezer.com/track/4175128462,pending,
2026-09-05,10:23,Kolter,Hey Everybody,Unknown,https://www.deezer.com/track/4144811412,pending,
2026-09-05,10:20,Prospa & Cloonee,Free Your Mind,Unknown,https://www.deezer.com/track/3892798531,pending,
2026-09-05,10:17,Sonny Fodera & Becky Hill,Say Something,Unknown,https://www.deezer.com/track/4195609602,pending,
2026-09-05,10:13,Wilkinson & NORTH,Balance,Unknown,https://www.deezer.com/track/3704769712,pending,
2026-09-05,10:09,Disco Lines & Tinashe,No Broke Boys,Unknown,https://www.deezer.com/track/3410229851,pending,
2026-09-05,10:07,Jazzy & Chris Lorenzo,Invisible,Unknown,https://www.deezer.com/track/4082082121,pending,
2026-09-05,10:04,KETTAMA,Comes and Goes,Unknown,https://www.deezer.com/track/4003592211,pending,
2026-09-05,10:01,Gorgon City & Jem Cooke,Oracle,Unknown,https://www.deezer.com/track/4111229781,pending,
2026-09-05,09:57,Sweet Female Attitude,Flowers (Sunship Edit),Unknown,https://www.deezer.com/track/106807216,pending,
2026-09-05,09:55,Floorplan,Tell You No Lie,Unknown,https://www.deezer.com/track/123008826,pending,
2026-09-05,09:53,Franky Rizardo,Same Man,Unknown,https://www.deezer.com/track/3156027471,pending,
2026-09-05,09:51,Oden & Fatzo,Lauren (I Can't Stay Forever),Unknown,https://www.deezer.com/track/1498985822,pending,
2026-09-05,09:44,Gregory Porter,Liquid Spirit (Claptone Remix),Unknown,https://www.deezer.com/track/103016792,pending,
2026-09-05,09:29,LF SYSTEM,Dancing Cliché,Unknown,https://www.deezer.com/track/1508247282,pending,
2026-09-05,09:23,TSHA & Clementine Douglas,Dancing In The Shadows,Unknown,https://www.deezer.com/track/1854469517,pending,
2026-09-05,09:19,Madison Avenue,Don't Call Me Baby (Motez Vicious21 Remix),Unknown,https://www.deezer.com/track/4107194741,pending,
2026-09-05,09:15,PAWSA & Nate Dogg,Pick Up The Phone,Unknown,https://www.deezer.com/track/2825310272,pending,
2026-09-05,09:13,Modjo,Lady (Hear Me Tonight),Unknown,https://www.deezer.com/track/70179720,pending,
2026-09-05,09:11,Martin Garrix,Don't Look Down (feat. Usher),Unknown,https://www.deezer.com/track/96974184,pending,
2026-09-05,09:08,Mylo,In My Arms,Unknown,https://www.deezer.com/track/1893428457,pending,
2026-09-05,09:05,The Girl Next Door,Salsoul Nugget (If U Wanna),Unknown,https://www.deezer.com/track/1132225822,pending,
2026-09-05,09:02,Bicep,Glue,Unknown,https://www.deezer.com/track/373789461,pending,
2026-09-05,08:57,Icarus,King Kong,Unknown,https://www.deezer.com/track/142520351,pending,
2026-09-05,08:51,Brookes Brothers,Good Thing,Unknown,https://www.deezer.com/track/1733734257,pending,
2026-09-05,08:49,OFFAIAH,Trouble,Unknown,https://www.deezer.com/track/381143101,pending,
2026-09-05,08:47,"Steve Aoki, Chris Lake & Tujamo",Boneless,Unknown,https://www.deezer.com/track/86453207,pending,
2026-09-05,08:44,Kelly Rowland,Commander (feat. David Guetta),Unknown,https://www.deezer.com/track/2531104321,pending,
2026-09-05,08:42,Switch Disco & Ella Henderson,REACT,Unknown,https://www.deezer.com/track/2101410027,pending,
2026-09-05,08:38,High Contrast,Going Up,Unknown,https://www.deezer.com/track/1157015202,pending,
2026-09-05,08:32,Julie McDermott,Don't Go (Gerd Janson Re-Work),Unknown,https://www.deezer.com/track/1505092792,pending,
2026-09-05,08:16,Duke Dumont,Won't Look Back,Unknown,https://www.deezer.com/track/81105486,pending,
2026-09-05,08:13,Example,Changed The Way You Kiss Me,Unknown,https://www.deezer.com/track/2744587511,pending,
2026-09-05,08:10,Calvin Harris,I'm Not Alone,Unknown,https://www.deezer.com/track/13131862,pending,
2026-09-05,08:01,Noizu,Summer 91 (Looking Back),Unknown,https://www.deezer.com/track/1163136562,pending,
2026-09-05,07:58,Hannah Boleyn,Teardrop (Friction & Subsonic Remix),Unknown,https://www.deezer.com/track/3763981062,pending,
2026-09-05,07:55,Issey Cross,Bittersweet Goodbye,Unknown,https://www.deezer.com/track/2405850825,pending,
2026-09-05,07:52,Sub Focus & Dimension,Desire,Unknown,https://www.deezer.com/track/552381242,pending,
2026-09-05,07:47,Nathan Dawe,We Ain't Here For Long,Unknown,https://www.deezer.com/track/2642515862,pending,
2026-09-05,07:40,LAVINIA & Ely Oaks,Reasons,Unknown,https://www.deezer.com/track/4126729511,pending,
2026-09-05,07:37,In Parallel,NOW IT'S GONE,Unknown,https://www.deezer.com/track/3037846761,pending,
2026-09-05,07:32,PAWSA,TOO COOL TO BE CARELESS,Unknown,https://www.deezer.com/track/2862125622,pending,
2026-09-05,07:30,Solardo & Eli Brown,XTC,Unknown,https://www.deezer.com/track/709596432,pending,
2026-09-05,07:28,Basement Jaxx,Where's Your Head At,Unknown,https://www.deezer.com/track/2661882,pending,
2026-09-05,07:25,Martin Solveig & Good Times Ahead,Intoxicated,Unknown,https://www.deezer.com/track/452697382,pending,
2026-09-05,07:22,Disclosure,"She's Gone, Dance On",Unknown,https://www.deezer.com/track/2813082002,pending,
2026-09-05,07:19,CID & Westend,Let Me Take You,Unknown,https://www.deezer.com/track/1724395347,pending,
2026-09-05,07:15,Mr. Probz,Waves (Robin Schulz Remix),Unknown,https://www.deezer.com/track/1084862592,pending,
2026-09-05,07:12,Secondcity,I Wanna Feel,Unknown,https://www.deezer.com/track/3806585392,pending,
2026-09-05,07:05,PS1,Fake Friends (feat. Alex Hosking),Unknown,https://www.deezer.com/track/875945632,pending,
2026-09-05,07:03,MK & Clementine Douglas,Come Find Me,Unknown,https://www.deezer.com/track/3557274261,pending,
2026-09-05,07:00,D.O.D,So Much In Love,Unknown,https://www.deezer.com/track/2217911267,pending,
2026-09-05,06:57,Avicii,I Could Be The One (Nicktim) (feat. Nicky Romero),Unknown,https://www.deezer.com/track/63017514,pending,
2026-09-05,06:55,Breach,Jack,Unknown,https://www.deezer.com/track/3156211741,pending,
2026-09-05,06:53,Lana Del Rey,Summertime Sadness (Cédric Gervais Remix),Unknown,https://www.deezer.com/track/69419038,pending,
2026-09-05,06:47,Franky Rizardo,Shinjuku,Unknown,https://www.deezer.com/track/3864635061,pending,
2026-09-05,06:43,Jazzy,My People,Unknown,https://www.deezer.com/track/4198648642,pending,
2026-09-05,06:39,Kolter,Trapped,Unknown,https://www.deezer.com/track/4058063061,pending,
2026-09-05,06:37,Blonde,All Cried Out (feat. Alex Newell),Unknown,https://www.deezer.com/track/98833972,pending,
2026-09-05,06:34,Ellia Jaya,Super Powers,Unknown,https://www.deezer.com/track/4104892331,pending,
2026-09-05,06:32,Borai & Denham Audio,Make Me,Unknown,https://www.deezer.com/track/2572591112,pending,
2026-09-05,06:27,Alexis Jordan,Happiness,Unknown,https://www.deezer.com/track/3302871011,pending,
2026-09-05,06:19,Prospa & Murda Beatz,Baby,Unknown,https://www.deezer.com/track/3984293401,pending,
2026-09-05,05:59,Delerium,Silence (feat. Sarah McLachlan),Unknown,https://www.deezer.com/track/15525211,pending,
2026-09-05,05:57,Barry Can't Swim,Sonder,Unknown,https://www.deezer.com/track/1703647327,pending,
2026-09-05,05:54,Overmono,Is U,Unknown,https://www.deezer.com/track/2247350847,pending,
2026-09-05,05:49,Josh Baker & Poppy Baskcomb,My Place,Unknown,https://www.deezer.com/track/4072834651,pending,
2026-09-05,05:47,Fedde Le Grand,Put Your Hands Up For Detroit,Unknown,https://www.deezer.com/track/1134280742,pending,
2026-09-05,05:41,The Chemical Brothers,Got To Keep On,Unknown,https://www.deezer.com/track/661515342,pending,
2026-09-05,05:36,Laurence Guy,U GO,Unknown,https://www.deezer.com/track/4233339632,pending,
2026-09-05,05:33,Sonny Fodera,My Loving (feat. Chrystal),Unknown,https://www.deezer.com/track/3977362051,pending,
2026-09-05,05:23,Calvin Harris,I Need Your Love (feat. Ellie Goulding),Unknown,https://www.deezer.com/track/139099249,pending,
2026-09-05,05:17,Prospa,Love Songs (feat. Kosmo Kint),Unknown,https://www.deezer.com/track/3579551341,pending,
2026-09-05,05:15,ANOTR,Silver Lines (feat. Emily Warren),Unknown,https://www.deezer.com/track/4122018711,pending,
2026-09-05,05:08,NOTION & X CLUB.,U KNOW,Unknown,https://www.deezer.com/track/4071216121,pending,
2026-09-05,05:06,FISHER & Tones and I,Favour,Unknown,https://www.deezer.com/track/3906852781,pending,
2026-09-05,04:57,Lovebirds & Stee Downes,Want You In My Soul,Unknown,https://www.deezer.com/track/12250971,pending,
2026-09-05,04:53,Disclosure,Help Me Lose My Mind (feat. London Grammar),Unknown,https://www.deezer.com/track/2368204285,pending,
2026-09-05,04:43,Barry Can't Swim,Dance Dance Dance!,Unknown,https://www.deezer.com/track/3953713231,pending,
2026-09-05,04:37,Protoje,Who Knows (Shy FX remix),Unknown,https://www.deezer.com/track/3448650871,pending,
2026-09-05,04:34,Swedish House Mafia & Lykke Li,Happiness Is So Sad,Unknown,https://www.deezer.com/track/4163913612,pending,
2026-09-05,04:31,KETTAMA,It Gets Better (Forever Mix),Unknown,https://www.deezer.com/track/3486763691,pending,
2026-09-05,04:17,Katy B & Jax Jones,Last Day of Summer,Unknown,https://www.deezer.com/track/4104600041,pending,
2026-09-05,04:14,bullet tooth,A Place You Wanna Go (Good Life),Unknown,https://www.deezer.com/track/3573821951,pending,
2026-09-05,04:08,Freeloaders,So Much Love to Give,Unknown,https://www.deezer.com/track/790261792,pending,
2026-09-05,04:06,Ewan McVicar,Tell Me Something Good,Unknown,https://www.deezer.com/track/1501964032,pending,
2026-09-05,04:03,Silva Bumpa,On 2nite,Unknown,https://www.deezer.com/track/4039496331,pending,
2026-09-05,04:00,Ninetoes,Finder,Unknown,https://www.deezer.com/track/1675401917,pending,
2026-09-05,03:49,ANOTR,Talk To You (feat. 54 Ultra),Unknown,https://www.deezer.com/track/3784724892,pending,
2026-09-05,03:29,High Contrast,Racing Green,Unknown,https://www.deezer.com/track/3050389831,pending,
2026-09-05,03:26,Sam Gellaitry,Assumptions,Unknown,https://www.deezer.com/track/1353013002,pending,
2026-09-05,03:18,Tobiahs,Angel of Mine,Unknown,https://www.deezer.com/track/3178057211,pending,
2026-09-05,03:08,Bicep,Apricots,Unknown,https://www.deezer.com/track/1080089202,pending,
2026-09-05,03:01,Dario G,Sunchyme,Unknown,https://www.deezer.com/track/1787705237,pending,
2026-09-05,02:55,Chase & Status,Disgruntled (feat. J Hus & IRAH),Unknown,https://www.deezer.com/track/4112647001,pending,
2026-09-05,02:43,Tove Lo,I'm your girl right? (Fcukers Remix),Unknown,https://www.deezer.com/track/4062388841,pending,
2026-09-05,02:40,Rossi. & bbyclose,On Your Mind,Unknown,https://www.deezer.com/track/4159458222,pending,
2026-09-05,02:36,David Guetta,When Love Takes Over (feat. Kelly Rowland),Unknown,https://www.deezer.com/track/2531104141,pending,
2026-09-05,02:33,Gusto,Disco's Revenge,Unknown,https://www.deezer.com/track/2641635312,pending,
2026-09-05,02:00,Basement Jaxx,Red Alert,Unknown,https://www.deezer.com/track/1095034112,pending,
2026-09-05,01:54,Gala,Freed From Desire,Unknown,https://www.deezer.com/track/6177415,pending,
2026-09-05,01:43,Stardust,Music Sounds Better With You,Unknown,https://www.deezer.com/track/695110942,pending,
2026-09-05,01:40,Franky Rizardo,Feel,Unknown,https://www.deezer.com/track/4071680031,pending,
2026-09-05,01:34,The Prodigy,Out of Space,Unknown,https://www.deezer.com/track/128973850,pending,
2026-09-05,01:32,Marlon Hoffstadt,Party People,Unknown,https://www.deezer.com/track/4115969521,pending,
2026-09-05,01:27,Interplanetary Criminal & Original Koffee,Slow Burner,Unknown,https://www.deezer.com/track/3364851531,pending,
2026-09-05,01:24,Calvin Harris,I'm Not Alone (MPH Remix),Unknown,https://www.deezer.com/track/3488265491,pending,
2026-09-05,01:04,Sub Focus,Turn Back Time,Unknown,https://www.deezer.com/track/73236555,pending,
2026-09-05,00:57,Raven Maize,The Real Life,Unknown,https://www.deezer.com/track/1328602682,pending,
2026-09-05,00:52,Mat Zo & Porter Robinson,Easy,Unknown,https://www.deezer.com/track/90166383,pending,
2026-09-05,00:46,Basement Jaxx,Jus 1 Kiss,Unknown,https://www.deezer.com/track/2661878,pending,
2026-09-05,00:41,MK & Chrystal,Dior,Unknown,https://www.deezer.com/track/3376615581,pending,
2026-09-05,00:35,Freemasons,Love On My Mind (feat. Amanda Wilson),Unknown,https://www.deezer.com/track/70031178,pending,
2026-09-05,00:30,Barry Can't Swim,Return to Bhibo,Unknown,https://www.deezer.com/track/4017254841,pending,
2026-09-05,00:27,Alexandra Stan,Mr Saxobeat,Unknown,https://www.deezer.com/track/1077700822,pending,
2026-09-05,00:24,Crystal Waters,Gypsy Woman (La Da Dee),Unknown,https://www.deezer.com/track/1926865677,pending,
2026-09-06,Live,KI/KI,5 Mins Of Acid,Unknown,https://www.deezer.com/track/2804710632,pending,
2026-09-06,17:11,Marlon Hoffstadt,Its That Time,Unknown,https://www.deezer.com/track/2843812632,pending,
2026-09-06,17:05,6 SENSE,Brighta Dayz,Unknown,https://www.deezer.com/track/2664810262,pending,
2026-09-06,16:58,Nookie,Only You (Madcap Remix),Unknown,https://www.deezer.com/track/2507705081,pending,
2026-09-06,16:55,Calibre,living is truth,Unknown,https://www.deezer.com/track/3729455052,pending,
2026-09-06,16:52,Lee UHF & Noise Souls,Being & Nothingness,Unknown,https://www.deezer.com/track/3760486112,pending,
2026-09-06,16:49,Viridity,Sweet Relief,Unknown,https://www.deezer.com/track/3864929511,pending,
2026-09-06,16:44,Lally,Trusted You,Unknown,https://www.deezer.com/track/2298100785,pending,
2026-09-06,16:42,Bluemode,Where You Gonna Hide,Unknown,https://www.deezer.com/track/3356821691,pending,
2026-09-06,16:37,Carlito,Fiesta En La Playa (VIP),Unknown,https://www.deezer.com/track/3302494821,pending,
2026-09-06,16:36,Blix & Dauntless,Cosmic,Unknown,https://www.deezer.com/track/4127490871,pending,
2026-09-06,16:34,Ruby AT,Breeze,Unknown,https://www.deezer.com/track/4058976171,pending,
2026-09-06,16:33,salute,Want U There (Logistics Remix),Unknown,https://www.deezer.com/track/2061435077,pending,
2026-09-06,16:30,High Contrast & Dawn Joseph,Around Me,Unknown,https://www.deezer.com/track/4126361821,pending,
2026-09-06,16:29,Latte,Let It Go,Unknown,https://www.deezer.com/track/2925554111,pending,
2026-09-06,16:28,Latte,The Plan,Unknown,https://www.deezer.com/track/2343518635,pending,
2026-09-06,16:27,John Holt,Police In Helicopter (Benny L Remix),Unknown,https://www.deezer.com/track/2270251947,pending,
2026-09-06,16:26,Turno,High Roller,Unknown,https://www.deezer.com/track/1475967352,pending,
2026-09-06,16:25,Cruk & Shyun,Wreckage,Unknown,https://www.deezer.com/track/2516282011,pending,
2026-09-06,16:23,Latte,ID,Unknown,https://www.deezer.com/track/4228536002,pending,
2026-09-06,16:20,Annix,Troubleshooter,Unknown,https://www.deezer.com/track/3611903422,pending,
2026-09-06,16:19,Simula,Devious,Unknown,https://www.deezer.com/track/3583053331,pending,
2026-09-06,16:18,Latte,Afraid,Unknown,https://www.deezer.com/track/1884828707,pending,
2026-09-06,16:17,Particle,Code 3,Unknown,https://www.deezer.com/track/556823122,pending,
2026-09-06,16:15,Levela,Exhale,Unknown,https://www.deezer.com/track/488824662,pending,
2026-09-06,16:13,Waeys & Wingz,Yellowjacket,Unknown,https://www.deezer.com/track/4155835032,pending,
2026-09-06,16:11,Upgrade,Revenge,Unknown,https://www.deezer.com/track/4028420431,pending,
2026-09-06,16:10,Latte,Death Cycle,Unknown,https://www.deezer.com/track/2869351802,pending,
2026-09-06,16:09,Molecular,My Way,Unknown,https://www.deezer.com/track/4058082861,pending,
2026-09-06,16:03,Leaf & Hexa,5am,Unknown,https://www.deezer.com/track/3377864951,pending,
2026-09-06,16:01,Bladerunner,Murda You,Unknown,https://www.deezer.com/track/4019748171,pending,
2026-09-06,16:00,Bad Company UK,Planet Dust (Latte Remix),Unknown,https://www.deezer.com/track/4050117491,pending,
2026-09-06,15:50,Crossy,How You Feel,Unknown,https://www.deezer.com/track/4221758732,pending,
2026-09-06,15:46,Flowidus & Loboski,Lock it (Hoax Remix),Unknown,https://www.deezer.com/track/4205993372,pending,
2026-09-06,15:36,Kings of the Rollers,Pushed,Unknown,https://www.deezer.com/track/4080495081,pending,
2026-09-06,15:25,Dimension & Subsonic,Ghost Town,Unknown,https://www.deezer.com/track/4194439862,pending,
2026-09-06,15:22,Koven,wHERE the rhythm goes,Unknown,https://www.deezer.com/track/4155734442,pending,
2026-09-06,15:19,Harriet Jaxxon & Mila Falls,Motorola,Unknown,https://www.deezer.com/track/4173328512,pending,
2026-09-06,15:09,Pirapus,ENERGY (I Feel),Unknown,https://www.deezer.com/track/3973257031,pending,
2026-09-06,15:04,K Motionz & jazza’s dance party,Misbehave,Unknown,https://www.deezer.com/track/4153462152,pending,
2026-09-06,15:01,High Contrast,Around Me (feat. Dawn Joseph),Unknown,https://www.deezer.com/track/4126361821,pending,
2026-09-06,14:44,Atura,Like This,Unknown,https://www.deezer.com/track/3272068911,pending,
2026-09-06,14:40,Dyoll & Ali S2K,Body's Movin,Unknown,https://www.deezer.com/track/3257246031,pending,
2026-09-06,14:36,Clouds,Savage Orbit,Unknown,https://www.deezer.com/track/4172833722,pending,
2026-09-06,14:27,KETTAMA,Samba Soccer 2001,Unknown,https://www.deezer.com/track/2230977577,pending,
2026-09-06,14:24,Ashee,Country Classic,Unknown,https://www.deezer.com/track/3674776742,pending,
2026-09-06,14:20,Addison Groove,Eh Wut,Unknown,https://www.deezer.com/track/2208589127,pending,
2026-09-06,14:17,ID,ID,Unknown,https://www.deezer.com/track/4184923422,pending,
2026-09-06,14:08,Luuk van Dijk & Kolter,Good 4 U,Unknown,https://www.deezer.com/track/2915897791,pending,
2026-09-06,14:01,Strath,Chora,Unknown,https://www.deezer.com/track/3651417732,pending,
2026-09-06,13:53,Tony Romera,2009,Unknown,https://www.deezer.com/track/3465609941,pending,
2026-09-06,13:46,DJ Streaks,Slinky (Bakery Edit),Unknown,https://www.deezer.com/track/3560127881,pending,
2026-09-06,13:42,Thrills In 41,Crooked Shapes,Unknown,https://www.deezer.com/track/2226698587,pending,
2026-09-06,13:34,Luke Alessi,What Is Cool,Unknown,https://www.deezer.com/track/4009693081,pending,
2026-09-06,13:25,Jordan Brando,Caramba,Unknown,https://www.deezer.com/track/3592628582,pending,
2026-09-06,13:22,Riordan & Locky,Friction,Unknown,https://www.deezer.com/track/4229537762,pending,
2026-09-06,13:07,Sidney Charles,Fnk Hrd,Unknown,https://www.deezer.com/track/3444033251,pending,
2026-09-07,17:23,DvirNuns,Start Again,Unknown,https://www.deezer.com/track/4114809041,pending,
2026-09-07,17:12,Max Styler,Close My Eyes,Unknown,https://www.deezer.com/track/4159097452,pending,
2026-09-07,16:53,Max Styler & Greggio,Oldskool Flavor,Unknown,https://www.deezer.com/track/3997550801,pending,
2026-09-07,16:45,Max Styler,Feel The XTC,Unknown,https://www.deezer.com/track/4159097462,pending,
2026-09-07,16:41,Wave Wave,ID,Unknown,https://www.deezer.com/track/3890191071,pending,
2026-09-07,16:37,Max Styler,Body Shake,Unknown,https://www.deezer.com/track/4159097422,pending,
2026-09-07,16:29,Viot,Cardio,Unknown,https://www.deezer.com/track/4089375281,pending,
2026-09-07,15:58,Ewan McVicar,Scottish Midgey,Unknown,https://www.deezer.com/track/4143083421,pending,
2026-09-07,15:44,Route 94,4Get The Girl (Mellizos Remix),Unknown,https://www.deezer.com/track/4175023412,pending,
2026-09-07,15:39,Illyus Barrientos,Be Hot,Unknown,https://www.deezer.com/track/4165854192,pending,
2026-09-07,15:36,Fleur Shore,Vibrant,Unknown,https://www.deezer.com/track/4166673082,pending,
2026-09-07,15:31,Salome Le Chat,Never Enough,Unknown,https://www.deezer.com/track/4138843741,pending,
2026-09-07,15:27,Groove Armada,Superstylin' (Demi Riquisimo Remix),Unknown,https://www.deezer.com/track/4208699272,pending,
2026-09-07,15:24,Emily Nash,Frequency,Unknown,https://www.deezer.com/track/4168501692,pending,
2026-09-07,15:22,Alaia & Gallo,Lipstick (Tony Romera Remix),Unknown,https://www.deezer.com/track/4145555612,pending,
2026-09-07,15:18,Capron,Rude,Unknown,https://www.deezer.com/track/4193575912,pending,
2026-09-07,15:16,Hannah Wants & Harley Maxwell,Peace & The Passa,Unknown,https://www.deezer.com/track/4175320782,pending,
2026-09-07,15:13,CASSIMM,That Funky Sound,Unknown,https://www.deezer.com/track/4137880791,pending,
2026-09-07,15:09,Ronnie Spiteri,Becca's Booty,Unknown,https://www.deezer.com/track/4153590042,pending,
2026-09-07,15:00,SOSA,Italian Job,Unknown,https://www.deezer.com/track/4139081271,pending,
2026-09-07,14:34,Otik,Truth Hz,Unknown,https://www.deezer.com/track/4202564882,pending,
2026-09-07,14:31,emma rose,TIKTAK,Unknown,https://www.deezer.com/track/4210092542,pending,
2026-09-07,14:26,BUTCHIE,Icarus,Unknown,https://www.deezer.com/track/4039339021,pending,
2026-09-07,14:22,megxie,L5D,Unknown,https://www.deezer.com/track/4248380561,pending,
2026-09-07,14:11,Ell Murphy,love like this,Unknown,https://www.deezer.com/track/4083162861,pending,
2026-09-07,13:49,Tom Place,Talk To Me,Unknown,https://www.deezer.com/track/4154841202,pending,
2026-09-07,13:41,Strivz,Pan African,Unknown,https://www.deezer.com/track/3953488211,pending,
2026-09-07,13:29,Beanie & SHOSH,Villain,Unknown,https://www.deezer.com/track/4175214122,pending,
2026-09-07,13:10,Jamie Unknown,Roll With the Rhythm,Unknown,https://www.deezer.com/track/4199575002,pending,
2026-09-07,13:04,DJ YUKI,The Baddest,Unknown,https://www.deezer.com/track/4139869891,pending,
2026-09-07,12:55,Annie,Chewing Gum,Unknown,https://www.deezer.com/track/819683,pending,
2026-09-07,12:49,Hot Chip,Over and Over,Unknown,https://www.deezer.com/track/376022571,pending,
2026-09-07,12:45,Zongamin,Bongo Song,Unknown,https://www.deezer.com/track/616542272,pending,
2026-09-07,12:42,WhoMadeWho,Satisfaction,Unknown,https://www.deezer.com/track/681933452,pending,
2026-09-07,12:40,Simian Mobile Disco,The Count,Unknown,https://www.deezer.com/track/2765522,pending,
2026-09-07,12:32,Ladytron,Sugar,Unknown,https://www.deezer.com/track/1634469742,pending,
2026-09-07,12:30,Whitey,Y.U.H.2.B.M.2,Unknown,https://www.deezer.com/track/2736107751,pending,
2026-09-07,12:26,Yeah Yeah Yeahs,Heads Will Roll (A-Trak Remix),Unknown,https://www.deezer.com/track/1117954742,pending,
2026-09-07,12:19,Tiga,Pleasure From The Bass,Unknown,https://www.deezer.com/track/3844255,pending,
2026-09-07,12:16,Santigold,Disparate Youth,Unknown,https://www.deezer.com/track/16331689,pending,
2026-09-07,12:09,Soulwax,NY Excuse,Unknown,https://www.deezer.com/track/3965582,pending,
2026-09-07,12:05,Elderbrook & Bob Moses,Inner Light,Unknown,https://www.deezer.com/track/1424817682,pending,
2026-09-07,11:54,The Rapture,House Of Jealous Lovers,Unknown,https://www.deezer.com/track/2622365322,pending,
2026-09-07,11:50,Happy Mondays,W.F.L. (Vince Clark remix),Unknown,https://www.deezer.com/track/428805712,pending,
2026-09-07,11:44,Cornershop,Brimful of Asha (Norman Cook Remix),Unknown,https://www.deezer.com/track/15686804,pending,
2026-09-07,11:39,Pianoman,Blurred,Unknown,https://www.deezer.com/track/2665037252,pending,
2026-09-07,11:32,Gossip,Standing In The Way Of Control (Soulwax Nite version),Unknown,https://www.deezer.com/track/2553407,pending,
2026-09-07,11:30,The Killers,Mr. Brightside (Jacques Lu Cont's Thin White Duke Mix),Unknown,https://www.deezer.com/track/1103289,pending,
2026-09-07,11:23,Primal Scream,Come Together,Unknown,https://www.deezer.com/track/85527684,pending,
2026-09-07,11:20,Happy Mondays,Step On,Unknown,https://www.deezer.com/track/428849902,pending,
2026-09-07,11:16,New Order,Blue Monday '88,Unknown,https://www.deezer.com/track/706051,pending,
2026-09-07,11:13,La Roux,Bulletproof,Unknown,https://www.deezer.com/track/3976602,pending,
2026-09-07,11:07,Confidence Man,Holiday,Unknown,https://www.deezer.com/track/1902456757,pending,
2026-09-07,11:03,Empire of the Sun,Walking On A Dream,Unknown,https://www.deezer.com/track/4286051,pending,
2026-09-07,11:00,Justice,D.A.N.C.E.,Unknown,https://www.deezer.com/track/10284847,pending,
2026-09-07,10:56,Shakedown,At Night (Peggy Gou Remix),Unknown,https://www.deezer.com/track/3155416861,pending,
2026-09-07,10:54,Midland,Final Credits,Unknown,https://www.deezer.com/track/3157371391,pending,
2026-09-07,10:51,Afro Medusa,Pasilda (Knee Deep Club Mix),Unknown,https://www.deezer.com/track/118516920,pending,
2026-09-07,10:43,Duke Dumont,The Giver (Reprise),Unknown,https://www.deezer.com/track/1278319362,pending,
2026-09-07,10:38,Maya Jane Coles,What They Say,Unknown,https://www.deezer.com/track/1857305967,pending,
2026-09-07,10:30,Drake,Massive,Unknown,https://www.deezer.com/track/1794149427,pending,
2026-09-07,10:27,Tchami,Adieu,Unknown,https://www.deezer.com/track/143261144,pending,
2026-09-07,10:25,BURNS,Talamanca,Unknown,https://www.deezer.com/track/1394988992,pending,
2026-09-07,10:14,Anton Powers & Redondo,Make Your Move,Unknown,https://www.deezer.com/track/616970802,pending,
2026-09-07,10:06,Samim,Heater (Tube & Berger Remix),Unknown,https://www.deezer.com/track/3155992851,pending,
2026-09-07,10:03,Disclosure,Bang That,Unknown,https://www.deezer.com/track/99451472,pending,
2026-09-07,10:01,Booka Shade,In White Rooms,Unknown,https://www.deezer.com/track/3881255981,pending,
2026-09-07,09:58,Au/Ra & CamelPhat,Panic Room,Unknown,https://www.deezer.com/track/477989942,pending,
2026-09-07,09:55,Dom Dolla,San Frandisco,Unknown,https://www.deezer.com/track/753716852,pending,
2026-09-07,09:51,Armand van Helden,I Want Your Soul,Unknown,https://www.deezer.com/track/14155727,pending,
2026-09-07,09:46,Rebūke,Along Came Polly,Unknown,https://www.deezer.com/track/2201836177,pending,
2026-09-07,09:44,Mark Ronson,Don't Leave Me Lonely (Claptone Remix),Unknown,https://www.deezer.com/track/762376372,pending,
2026-09-07,09:39,Melé & Shovell,Pasilda,Unknown,https://www.deezer.com/track/3155889761,pending,
2026-09-07,09:34,Majestic,Rasputin,Unknown,https://www.deezer.com/track/1242670642,pending,
2026-09-07,09:28,Patrick Topping,Be Sharp Say Nowt,Unknown,https://www.deezer.com/track/2200543787,pending,
2026-09-07,09:18,Green Velvet,Bigger Than Prince (Hot Since 82 Remix),Unknown,https://www.deezer.com/track/643578152,pending,
2026-09-07,09:16,Lovestation,Teardrops,Unknown,https://www.deezer.com/track/130425886,pending,
2026-09-07,09:12,salute,Joy,Unknown,https://www.deezer.com/track/1488572282,pending,
2026-09-07,09:08,DJ Jean,The Launch,Unknown,https://www.deezer.com/track/1365099792,pending,
2026-09-07,09:02,Rudimental,Feel The Love (feat. John Newman),Unknown,https://www.deezer.com/track/25746611,pending,
2026-09-07,09:01,Avicii,Waiting For Love,Unknown,https://www.deezer.com/track/107346368,pending,
2026-09-07,08:59,Ida Corr & Fedde Le Grand,Let Me Think About It,Unknown,https://www.deezer.com/track/67159083,pending,
2026-09-07,08:57,Rui da Silva,Touch Me (feat. Cassandra),Unknown,https://www.deezer.com/track/11663132,pending,
2026-09-07,08:54,Sofi Tukker & Gorgon City,House Arrest,Unknown,https://www.deezer.com/track/2947958011,pending,
2026-09-07,08:49,Diplo,On My Mind (feat. SIDEPIECE),Unknown,https://www.deezer.com/track/3389555931,pending,
2026-09-07,08:46,Bicep,Atlas,Unknown,https://www.deezer.com/track/904309282,pending,
2026-09-07,08:43,Fred again.. & The Blessed Madonna,Marea (we've lost dancing),Unknown,https://www.deezer.com/track/1239694902,pending,
2026-09-07,08:41,Sam Fender,Will We Talk? (MK Remix),Unknown,https://www.deezer.com/track/729257922,pending,
2026-09-07,08:36,Friend Within,The Truth,Unknown,https://www.deezer.com/track/545099342,pending,
2026-09-07,08:34,Tom Zanetti,You Want Me,Unknown,https://www.deezer.com/track/132197508,pending,
2026-09-07,08:27,Hannah Wants & Chris Lorenzo,Rhymes,Unknown,https://www.deezer.com/track/93102382,pending,
2026-09-07,08:24,Todd Terje,Inspector Norse,Unknown,https://www.deezer.com/track/1900010897,pending,
2026-09-07,08:22,Eric Prydz,Liberate,Unknown,https://www.deezer.com/track/78588920,pending,
2026-09-07,08:17,Rudimental,Not Giving In (feat. John Newman & Alex Clare),Unknown,https://www.deezer.com/track/61700649,pending,
2026-09-07,08:12,Les Rythmes Digitales,Jacques Your Body (Make Me Sweat),Unknown,https://www.deezer.com/track/1413525692,pending,
2026-09-07,08:08,Riton & Nightcrawlers,Friday (Dopamine Re-Edit) (feat. Mufasa & Hypeman),Unknown,https://www.deezer.com/track/1178599842,pending,
2026-09-07,08:05,Swedish House Mafia,Save The World,Unknown,https://www.deezer.com/track/11234004,pending,
2026-09-07,08:03,SL2,On A Ragga Tip,Unknown,https://www.deezer.com/track/950467,pending,
2026-09-07,07:56,Ariana Grande,"Yes, and? (Jonas Blue Remix)",Unknown,https://www.deezer.com/track/2660054372,pending,
2026-09-07,07:54,Avicii,Wake Me Up,Unknown,https://www.deezer.com/track/70266756,pending,
2026-09-07,07:46,TS7,Moment (feat. Charlotte Plank),Unknown,https://www.deezer.com/track/3585733571,pending,
2026-09-07,07:41,Karen Harding,Island,Unknown,https://www.deezer.com/track/4090859521,pending,
2026-09-07,07:37,Sub Focus & bbyclose,On & On,Unknown,https://www.deezer.com/track/3266944301,pending,
2026-09-07,07:35,Rudimental & Karen Harding,Bring Me Joy,Unknown,https://www.deezer.com/track/2834949802,pending,
2026-09-07,07:30,Rossi. & Jazzy,High On Me,Unknown,https://www.deezer.com/track/3412534321,pending,
2026-09-07,07:29,Teddy Swims,Lose Control (Tiësto Remix),Unknown,https://www.deezer.com/track/2710562042,pending,
2026-09-07,07:25,Swedish House Mafia,Don't You Worry Child (feat. John Martin),Unknown,https://www.deezer.com/track/65441227,pending,
2026-09-07,07:23,Dua Lipa,Illusion (Regard Remix),Unknown,https://www.deezer.com/track/3019680951,pending,
2026-09-07,07:20,Nathan Dawe,21 Reasons (feat. Ella Henderson),Unknown,https://www.deezer.com/track/1702167637,pending,
2026-09-07,07:17,Example,Kickstarts,Unknown,https://www.deezer.com/track/2815906222,pending,
2026-09-07,07:13,Ben Hemsley & Gaskin,If Your Girl,Unknown,https://www.deezer.com/track/3579611491,pending,
2026-09-07,07:08,The Bausa,Lose Myself,Unknown,https://www.deezer.com/track/4064513021,pending,
2026-09-07,07:03,RAYE,WHERE IS MY HUSBAND!,Unknown,https://www.deezer.com/track/3548216281,pending,
2026-09-07,06:58,Duck Sauce,aNYway,Unknown,https://www.deezer.com/track/3157769251,pending,
2026-09-07,06:56,deadmau5,Ghosts 'n' Stuff (feat. Rob Swire),Unknown,https://www.deezer.com/track/3360677091,pending,
2026-09-07,06:53,Dizzee Rascal & Armand van Helden,Bonkers,Unknown,https://www.deezer.com/track/15640851,pending,
2026-09-07,06:44,FISHER,Rain,Unknown,https://www.deezer.com/track/3761388842,pending,
2026-09-07,06:40,Sweet Female Attitude,Flowers,Unknown,https://www.deezer.com/track/106807216,pending,
2026-09-07,06:38,Silva Bumpa & Kosmo Kint,Fantasy,Unknown,https://www.deezer.com/track/4198895852,pending,
2026-09-07,06:35,The Bausa,Magnetic,Unknown,https://www.deezer.com/track/3843457421,pending,
2026-09-07,06:32,Dennis Ferrer,Hey Hey,Unknown,https://www.deezer.com/track/2410031405,pending,
2026-09-07,06:22,HUGEL & SOLTO,Jamaican (Bam Bam),Unknown,https://www.deezer.com/track/3889748961,pending,
2026-09-07,06:13,Justice,We Are Your Friends,Unknown,https://www.deezer.com/track/2100102627,pending,
2026-09-07,06:06,Silk City & Dua Lipa,Electricity,Unknown,https://www.deezer.com/track/3208899911,pending,
2026-09-07,05:45,Swedish House Mafia,Greyhound,Unknown,https://www.deezer.com/track/61427200,pending,
2026-09-07,05:38,Ely Oaks,Running Around,Unknown,https://www.deezer.com/track/3209698191,pending,
2026-09-07,05:30,The Blessed Madonna,Shades Of Love (feat. The Joy),Unknown,https://www.deezer.com/track/2141587037,pending,
2026-09-07,05:18,Studio B,I See Girls,Unknown,https://www.deezer.com/track/91151923,pending,
2026-09-07,05:16,Skrillex & MPH,Mirage,Unknown,https://www.deezer.com/track/4206775492,pending,
2026-09-07,05:13,Bushbaby,Pumpin Jumpin,Unknown,https://www.deezer.com/track/3465247881,pending,
2026-09-07,04:59,David Guetta,Who's That Chick? (feat. Rihanna),Unknown,https://www.deezer.com/track/7754536,pending,
2026-09-07,04:53,StoneBridge,Put 'Em High (feat. Therese),Unknown,https://www.deezer.com/track/69336331,pending,
2026-09-07,04:51,Alex Gaudino & Crystal Waters,Destination Calabria,Unknown,https://www.deezer.com/track/5406699,pending,
2026-09-07,04:43,Alan Fitzpatrick,Haven't You Heard,Unknown,https://www.deezer.com/track/867440622,pending,
2026-09-07,04:37,Roger Sanchez,Another Chance,Unknown,https://www.deezer.com/track/2746059321,pending,
2026-09-07,04:31,O’Flynn,Fara,Unknown,https://www.deezer.com/track/3763138782,pending,
2026-09-07,04:09,Red Carpet,Alright,Unknown,https://www.deezer.com/track/1818062167,pending,
2026-09-07,04:04,Carla Monroe & L4TCH,Promises,Unknown,https://www.deezer.com/track/3432241811,pending,
2026-09-07,03:52,Avicii,Levels,Unknown,https://www.deezer.com/track/14383880,pending,
2026-09-07,03:40,Calvin Harris,Summer,Unknown,https://www.deezer.com/track/88936747,pending,
2026-09-07,03:30,Martin Solveig & Roy Woods,Juliet & Romeo,Unknown,https://www.deezer.com/track/822658282,pending,
2026-09-07,03:26,Groove Armada,If Everybody Looked The Same,Unknown,https://www.deezer.com/track/72233593,pending,
2026-09-07,03:12,Bushbaby & Danny P,Back To Funk,Unknown,https://www.deezer.com/track/4142945871,pending,
2026-09-07,03:01,Mark Knight & Funkagenda,Man With The Red Face,Unknown,https://www.deezer.com/track/38352321,pending,
2026-09-07,02:43,Kosheen,Hide U,Unknown,https://www.deezer.com/track/1272005622,pending,
2026-09-07,02:31,L.P. Rhythm,Versatile,Unknown,https://www.deezer.com/track/3437335761,pending,
2026-09-07,02:12,The Bucketheads,The Bomb! (These Sounds Fall Into My Mind),Unknown,https://www.deezer.com/track/85318128,pending,
2026-09-07,02:00,Basement Jaxx,Bingo Bango,Unknown,https://www.deezer.com/track/1095034162,pending,
2026-09-07,01:38,Franky Wah,Come Together,Unknown,https://www.deezer.com/track/931449182,pending,
2026-09-07,01:33,Faithless,Insomnia,Unknown,https://www.deezer.com/track/3588857991,pending,
2026-09-07,01:30,Paul Woolford & Amber Mark,HEAT,Unknown,https://www.deezer.com/track/1223410892,pending,
2026-09-07,01:00,Calvin Harris,Outside (feat. Ellie Goulding),Unknown,https://www.deezer.com/track/88936743,pending,
2026-09-07,00:55,MK,17,Unknown,https://www.deezer.com/track/393116082,pending,
2026-09-07,00:53,Disciples,On My Mind,Unknown,https://www.deezer.com/track/1761626467,pending,
2026-09-07,00:51,Ewan McVicar,Share The House,Unknown,https://www.deezer.com/track/3811507912,pending,
2026-09-07,00:39,Basement Jaxx,Oh My Gosh,Unknown,https://www.deezer.com/track/567655932,pending,
2026-09-07,00:32,Dua Lipa,Don't Start Now (Purple Disco Machine Remix),Unknown,https://www.deezer.com/track/803342822,pending,
2026-09-07,00:24,Sub Focus & Katy B,Push The Tempo,Unknown,https://www.deezer.com/track/3050852361,pending,
2026-09-07,00:20,Otto Knows,Million Voices,Unknown,https://www.deezer.com/track/61046485,pending,
2026-09-07,00:14,Cam Stockman,Into My Life (feat. Joyce Sims),Unknown,https://www.deezer.com/track/3765891612,pending,
2026-09-07,00:09,TIEKS,Sunshine (feat. Dan Harkna),Unknown,https://www.deezer.com/track/133595632,pending,
2026-09-08,17:43,Gemma Fox,Crazy Crush (TS7 Remix),Unknown,https://www.deezer.com/track/457036332,pending,
2026-09-08,17:27,Discotronic,Tricky Disco,Unknown,https://www.deezer.com/track/61675285,pending,
2026-09-08,17:22,LFO,LFO Leeds (Warehouse Mix),Unknown,https://www.deezer.com/track/29368651,pending,
2026-09-08,17:18,Moloko,The Time Is Now (Can 7 Soulfood Mix),Unknown,https://www.deezer.com/track/3802727982,pending,
2026-09-08,17:15,Arctic Monkeys,Red Light Indicates Doors Are Secured,Unknown,https://www.deezer.com/track/4315316,pending,
2026-09-08,17:08,The Human League,Love Action,Unknown,https://www.deezer.com/track/3090431,pending,
2026-09-08,17:01,Heaven 17,(We Don't Need This) Fascist Groove Thang,Unknown,https://www.deezer.com/track/79333875,pending,
2026-09-08,16:56,Big Ang,Anthem,Unknown,https://www.deezer.com/track/3623907102,pending,
2026-09-08,16:43,Big Ang,Do It Do It,Unknown,https://www.deezer.com/track/1412741422,pending,
2026-09-08,16:15,Forgemasters,Track With No Name,Unknown,https://www.deezer.com/track/29374871,pending,
2026-09-08,16:12,Cabaret Voltaire,Easy Life,Unknown,https://www.deezer.com/track/393283962,pending,
2026-09-08,16:01,Moloko,Sing It Back (Booker T Loco Mix),Unknown,https://www.deezer.com/track/3704906382,pending,
2026-09-08,15:59,Franky Rizardo,DC Terrace,Unknown,https://www.deezer.com/track/1476046562,pending,
2026-09-08,15:47,Tough Art,That Funk,Unknown,https://www.deezer.com/track/4004160881,pending,
2026-09-08,15:33,Foynez,Swing The Funk,Unknown,https://www.deezer.com/track/3908113321,pending,
2026-09-08,15:29,Ammil,Bring That Beat Back,Unknown,https://www.deezer.com/track/4219340172,pending,
2026-09-08,15:19,Ferra Black & Chico Rose,All Night Long,Unknown,https://www.deezer.com/track/4130676611,pending,
2026-09-08,15:07,Simon Kidzoo & Mellizos,Jammin,Unknown,https://www.deezer.com/track/4008399031,pending,
2026-09-08,14:53,Rio Tashan,One & Only,Unknown,https://www.deezer.com/track/4137799301,pending,
2026-09-08,14:45,James Poole & GUDFELLA,Gator Boots,Unknown,https://www.deezer.com/track/4091188101,pending,
2026-09-08,14:42,Luke DuBose,Freak Me Baby,Unknown,https://www.deezer.com/track/4104454991,pending,
2026-09-08,14:39,Ahmed Spins & Mike Dunn,Phunky,Unknown,https://www.deezer.com/track/4113425161,pending,
2026-09-08,14:26,STRYV,Patigo,Unknown,https://www.deezer.com/track/4155973492,pending,
2026-09-08,14:22,Adam Ten & Rafael,Beat Goes On,Unknown,https://www.deezer.com/track/4113760801,pending,
2026-09-08,14:15,Melé,Soul Makossa,Unknown,https://www.deezer.com/track/4116532881,pending,
2026-09-08,14:12,Universal Love,Ritmo Da Rua (Harry Romero Remix),Unknown,https://www.deezer.com/track/4124619991,pending,
2026-09-08,14:01,Oden & Fatzo & Noa Milee,You Don't Want To Think About It,Unknown,https://www.deezer.com/track/4116552881,pending,
2026-09-08,13:39,PFM,One & Only,Unknown,https://www.deezer.com/track/32603761,pending,
2026-09-08,13:08,Carlito,Heaven,Unknown,https://www.deezer.com/track/1430452332,pending,
2026-09-08,13:01,JMJ & Richie,Universal Horn,Unknown,https://www.deezer.com/track/2243956507,pending,
2026-09-08,12:56,Skanna,Find Me,Unknown,https://www.deezer.com/track/32603771,pending,
2026-09-08,12:38,Wax Doctor,Finer Things,Unknown,https://www.deezer.com/track/125066040,pending,
2026-09-08,12:30,PFM,Mystics,Unknown,https://www.deezer.com/track/71701369,pending,
2026-09-08,12:26,Aquasky,Images,Unknown,https://www.deezer.com/track/408161052,pending,
2026-09-08,11:56,Pryda,Lycka,Unknown,https://www.deezer.com/track/1054170252,pending,
2026-09-08,11:23,Safar,Choli,Unknown,https://www.deezer.com/track/4207606512,pending,
2026-09-08,10:49,Rafael,ID - ID,Unknown,https://www.deezer.com/track/2939052441,pending,
2026-09-08,09:57,Magnetic Man,I Need Air,Unknown,https://www.deezer.com/track/13073037,pending,
2026-09-08,09:54,David Guetta,Love Don't Let Me Go (Walking Away),Unknown,https://www.deezer.com/track/69172980,pending,
2026-09-08,09:51,Peggy Gou,(It Goes Like) Nanana,Unknown,https://www.deezer.com/track/2297911845,pending,
2026-09-08,09:49,Kiesza,Hideaway,Unknown,https://www.deezer.com/track/80194320,pending,
2026-09-08,09:43,deadmau5,Strobe,Unknown,https://www.deezer.com/track/3390634561,pending,
2026-09-08,09:35,Shane Codd,Get Out My Head,Unknown,https://www.deezer.com/track/1083601322,pending,
2026-09-08,09:32,Watermät,Bullit,Unknown,https://www.deezer.com/track/4183138852,pending,
2026-09-08,09:29,Eliza Rose & Interplanetary Criminal,B.O.T.A. (Baddest Of Them All),Unknown,https://www.deezer.com/track/1862856447,pending,
2026-09-08,09:25,Galantis,Runaway (U & I),Unknown,https://www.deezer.com/track/86453925,pending,
2026-09-08,09:19,Martin Solveig & Dragonette,Hello,Unknown,https://www.deezer.com/track/3803035232,pending,
2026-09-08,09:16,Armin van Buuren,This Is What It Feels Like (feat. Trevor Guthrie),Unknown,https://www.deezer.com/track/3543890861,pending,
2026-09-08,09:13,David Guetta & Bebe Rexha,I'm Good (Blue),Unknown,https://www.deezer.com/track/2107937657,pending,
2026-09-08,09:08,Eric Prydz,Liberate (Lane 8 Remix),Unknown,https://www.deezer.com/track/81075570,pending,
2026-09-08,09:02,Bob Sinclar,I Feel For You,Unknown,https://www.deezer.com/track/2676359752,pending,
2026-09-08,08:53,Pola & Bryson & Zitah,Tell You What I Did,Unknown,https://www.deezer.com/track/1797016967,pending,
2026-09-08,08:52,Blonde,I Loved You (Hamilton Remix) (feat. Melissa Steel),Unknown,https://www.deezer.com/track/90697391,pending,
2026-09-08,08:49,Blonde,I Loved You (feat. Melissa Steel),Unknown,https://www.deezer.com/track/90182731,pending,
2026-09-08,08:47,Disclosure,When A Fire Starts To Burn,Unknown,https://www.deezer.com/track/75526534,pending,
2026-09-08,08:41,Roberto Surace,Joys,Unknown,https://www.deezer.com/track/3156075801,pending,
2026-09-08,08:39,Calvin Harris,We'll Be Coming Back (feat. Example),Unknown,https://www.deezer.com/track/61308201,pending,
2026-09-08,08:37,piri & tommy,on & on,Unknown,https://www.deezer.com/track/1833929787,pending,
2026-09-08,08:32,Philip George,Wish You Were Mine,Unknown,https://www.deezer.com/track/92818850,pending,
2026-09-08,08:24,Calvin Harris,Feel So Close,Unknown,https://www.deezer.com/track/13040252,pending,
2026-09-08,08:23,Groove Armada,Superstylin',Unknown,https://www.deezer.com/track/632366,pending,
2026-09-08,08:20,Artful Dodger,Re-Rewind (The Crowd Say Bo Selecta) (feat. Craig David),Unknown,https://www.deezer.com/track/2787097302,pending,
2026-09-08,08:09,Bingo Players,Cry (Just A Little),Unknown,https://www.deezer.com/track/85190408,pending,
2026-09-08,08:03,Kid Cudi,Pursuit Of Happiness (Steve Aoki Remix),Unknown,https://www.deezer.com/track/18181530,pending,
2026-09-08,08:01,Calvin Harris,Let's Go (feat. Ne-Yo),Unknown,https://www.deezer.com/track/17561482,pending,
2026-09-08,07:50,Jaden Bojsen,In The Air Magenta,Unknown,https://www.deezer.com/track/3498831521,pending,
2026-09-08,07:46,Luke Dean & Omar,Make Believe,Unknown,https://www.deezer.com/track/3476300931,pending,
2026-09-08,07:43,The Chemical Brothers,Galvanize (Chris Lake Remix),Unknown,https://www.deezer.com/track/3520024911,pending,
2026-09-08,07:23,Yves V,We Got That Cool (feat. Icona Pop & Afrojack),Unknown,https://www.deezer.com/track/701706242,pending,
2026-09-08,07:17,Regard,Ride It,Unknown,https://www.deezer.com/track/708907602,pending,
2026-09-08,07:07,Armand van Helden,I Want Your Soul (Prospa Remix),Unknown,https://www.deezer.com/track/2426503035,pending,
2026-09-08,06:59,Martin Garrix,Animals,Unknown,https://www.deezer.com/track/2102633427,pending,
2026-09-08,06:54,Chris Malinchak,So Good To Me,Unknown,https://www.deezer.com/track/72545727,pending,
2026-09-08,06:19,Swedish House Mafia,Miami 2 Ibiza,Unknown,https://www.deezer.com/track/12245061,pending,
2026-09-08,05:57,CamelPhat & Elderbrook,Cola,Unknown,https://www.deezer.com/track/3155482291,pending,
2026-09-08,05:50,Booty Luv,Boogie 2nite,Unknown,https://www.deezer.com/track/144526480,pending,
2026-09-08,04:59,Sunset Strippers,Falling Stars,Unknown,https://www.deezer.com/track/1728490857,pending,
2026-09-08,03:26,Soul Central,Strings Of Life (Danny Krivit Re-Edit),Unknown,https://www.deezer.com/track/3155417691,pending,
2026-09-08,03:23,Soulsearcher,Can't Get Enough,Unknown,https://www.deezer.com/track/3228405181,pending,
2026-09-08,03:20,Cassius,Feeling For You,Unknown,https://www.deezer.com/track/120536274,pending,
2026-09-08,03:17,Eric Prydz,Call On Me,Unknown,https://www.deezer.com/track/144203048,pending,
2026-09-08,03:12,PinkPantheress,Illegal,Unknown,https://www.deezer.com/track/3344984901,pending,
2026-09-08,03:09,Alex Culross & Ejeca,Rhythm Of The House,Unknown,https://www.deezer.com/track/4250399321,pending,
2026-09-08,02:50,BURNS,Lies (Otto Knows Remix),Unknown,https://www.deezer.com/track/518018572,pending,
2026-09-08,02:30,Rihanna,We Found Love (feat. Calvin Harris),Unknown,https://www.deezer.com/track/13982432,pending,
2026-09-08,01:58,Peggy Gou,Starry Night,Unknown,https://www.deezer.com/track/2199719437,pending,
2026-09-08,01:45,Benny Benassi & The Biz,Satisfaction,Unknown,https://www.deezer.com/track/82723672,pending,
2026-09-08,01:32,DJ Luck & MC Neat,A Little Bit Of Luck,Unknown,https://www.deezer.com/track/432057162,pending,
2026-09-08,01:22,Oliver Heldens & Becky Hill,Gecko (Overdrive),Unknown,https://www.deezer.com/track/78974349,pending,
2026-09-08,01:03,Mau P,The Less I Know The Better,Unknown,https://www.deezer.com/track/3205781411,pending,
2026-09-08,01:01,Kid Cudi,Day 'N' Nite,Unknown,https://www.deezer.com/track/7371872,pending,
2026-09-08,00:26,Mylo,Drop The Pressure,Unknown,https://www.deezer.com/track/1895191437,pending,
2026-09-08,00:24,Jazzy & KILIMANJARO,No Bad Vibes,Unknown,https://www.deezer.com/track/3040716421,pending,
2026-09-09,12:40,Baby Keem,Lost Souls,Unknown,https://www.deezer.com/track/1500359812,pending,
2026-09-09,12:28,Anz,Sweet One,Unknown,https://www.deezer.com/track/2490954011,pending,
2026-09-09,08:27,Swedish House Mafia,It Gets Better,Unknown,https://www.deezer.com/track/1713175837,pending,
2026-09-18,15:24,Mikey Dread,Step By Step,Unknown,https://www.deezer.com/track/2490954011,pending,
2026-09-18,15:51,Rooléh,Legacy (Assanssan),,,pending,
2026-09-18,15:49,Harriet Jaxxon & Pola & Bryson,This Time,,,pending,
2026-09-18,15:45,"Elliot Schooling, Liam Palmer & Benni Ola",Doing The Most,,,pending,
2026-09-18,15:42,SYREETA & Huxley,We Synthesize,,,pending,
2026-09-18,15:40,Saoirse,Body Movement,,,pending,
2026-09-18,15:34,Alex Culross,Be My Baby,,,pending,
2026-09-18,15:29,NaJeh & Frag Maddin,MISS SIXTY,,,pending,
2026-09-18,15:26,Prunk,The House Side,,,pending,
2026-09-18,15:24,Desmond and Summum & Atlantic Ocean,Echoes from the 90's,,,pending,
2026-09-18,15:22,Girls Don't Sync,Wow,,,pending,
2026-09-18,15:19,"York, Bella Claxton & Mike Momburg",On The Beach,,,pending,
2026-09-18,15:15,NaJeh & Ben Evers,Chica,,,pending,
2026-09-18,15:12,Chloé Caillet & D Stone,Noise Keeper,,,pending,
2026-09-18,15:09,Danny Snowden,Distant Star System,,,pending,
2026-09-18,15:07,"Luke Dean, Locky & Jme","Check 1, Check 2 (Burnski Remix)",,,pending,
2026-09-18,15:05,Folkness,Same Ones Groovin',,,pending,
2026-09-18,15:01,L.P. Rhythm,How Ya Feelin',,,pending,
2026-09-18,14:57,La La,Ur So Cool,,,pending,
2026-09-18,14:54,Conducta,CASH (feat. Jordeaux),,,pending,
2026-09-18,14:51,Aat,Ready For You,,,pending,
2026-09-18,14:47,Ahadadream & Ance,Koi Si,,,pending,
2026-09-18,14:44,CamelPhat,Landlords Nightmare,,,pending,
2026-09-18,14:25,Rossi.,Misery,,,pending,
2026-09-18,14:13,Skepta,Innocent Smile (feat. Suggs & Chase & Status),,,pending,
2026-09-18,14:06,MK,Leaving (feat. Tristan Henry),,,pending,
2026-09-18,14:00,ANOTR & Erik Bandt,How You Feel (feat. Leven Kali),,,pending,
2026-09-18,13:55,Jayda G,Forever Now,,,pending,
2026-09-18,13:52,L.P. Rhythm,How Ya Feeling,,,pending,
2026-09-18,13:49,Y U QT,Get Me High,,,pending,
2026-09-18,13:46,Amy Wiles,Way That You Look At Me,,,pending,
2026-09-18,13:40,Duke Dumont,Ain't No Game,,,pending,
2026-09-18,13:38,Cloonee,Get Up And Dance,,,pending,
2026-09-18,13:36,Paul Woodford & Secondcity,Signs (feat. RAHH),,,pending,
2026-09-18,13:27,Beave,1997,,,pending,
2026-09-18,13:25,"Max Dean, Nafe Smallz & Luke Dean",Not A Problem,,,pending,
2026-09-18,13:21,TSHA,All Night Long,,,pending,
2026-09-18,13:12,Mau P,Just A Little Bit More,,,pending,
2026-09-18,13:08,Chrystal,3 2 1 (feat. Rudimental),,,pending,
2026-09-18,13:04,Chloé Caillet & Luke Alessi,The One (feat. Jocelyn Brown),,,pending,
2026-09-18,13:01,Barry Can't Swim & Sammy Virji,I Could Be Madonna,,,pending,
2026-09-18,12:58,Adelphi Music Factory,Memories (Burning in Time),,,pending,
2026-09-18,12:54,Mason,Perfect (Exceeder),,,pending,
2026-09-18,12:49,Friend Within,The Renegade,,,pending,
2026-09-18,12:46,Calvin Harris,Flashback,,,pending,
2026-09-18,12:44,Sub Focus & Wilkinson,Illuminate,,,pending,
2026-09-18,12:41,Nathan Dawe,Flowers (feat. JayKae),,,pending,
2026-09-18,12:35,Endor,Pump It Up,,,pending,
2026-09-18,12:30,David Guetta,Stay (Don't Go Away) (feat. RAYE),,,pending,
2026-09-18,12:27,MEDUZA,Piece of Your Heart (feat. Goodboys),,,pending,
2026-09-18,12:24,Gotye,Somebody I Used to Know (Tiësto Remix) (feat. Kimbra),,,pending,
2026-09-18,12:21,James Hype,Ferrari (feat. Miggy Dela Rosa),,,pending,
2026-09-18,12:18,Armand van Helden,You Don't Know Me (feat. Duane Harden),,,pending,
2026-09-18,12:16,Sigala,Came Here For Love (feat. Ella Eyre),,,pending,
2026-09-18,12:13,Years & Years,Desire,,,pending,
2026-09-18,12:10,Avicii,Seek Bromance,,,pending,
2026-09-18,12:07,PNAU,Chameleon,,,pending,
2026-09-18,12:04,Jayda G,Both Of Us,,,pending,
2026-09-18,12:02,Sigala,Sweet Lovin' (feat. Bryn Christopher),,,pending,
2026-09-18,11:58,FISHER,Losing It,,,pending,
2026-09-18,11:55,Alesso,Heroes (We Could Be) (feat. Tove Lo),,,pending,
2026-09-18,11:53,Tori Amos,Professional Widow (Armand Van Helden Remix),,,pending,
2026-09-18,11:48,Duck Sauce,Smiley Face,,,pending,
2026-09-18,11:42,The Prototypes,Reason (feat. LOWES),,,pending,
2026-09-18,11:41,Martin Solveig,Do It Right (feat. Tkay Maidza),,,pending,
2026-09-18,11:35,Mark Ronson,Late Night Feelings (Jax Jones Midnight Snack Remix) (feat. Lykke Li),,,pending,
2026-09-18,11:17,Calvin Harris & Dua Lipa,One Kiss,,,pending,
2026-09-18,11:15,MK,Chemical,,,pending,
2026-09-18,11:10,Major Lazer,Get Free (Andy C Remix) (feat. Amber Coffman),,,pending,
2026-09-18,11:07,Nathan Dawe & Bru-C,Oh Baby (feat. bshp & Issey Cross),,,pending,
2026-09-18,11:01,Chase & Status,Count On Me (feat. Moko),,,pending,
2026-09-18,10:59,Silva Bumpa,on 2nite (Dusky Remix),,,pending,
2026-09-18,10:56,Sammy Virji,If U Need It,,,pending,
2026-09-18,10:52,BL3SS,skinny love,,,pending,
2026-09-18,10:42,JustHooks & Nathan Dawe,Missing U,,,pending,
2026-09-18,10:39,Shakira & Burna Boy,Dai Dai (Clean Bandit Remix),,,pending,
2026-09-18,10:37,KLP,Point Of View,,,pending,
2026-09-18,10:29,"1991, Subsonic & Ian Van Dahl",Castles in the Sky,,,pending,
2026-09-18,10:26,D.O.D,So Much In Love (Sub Focus Remix),,,pending,
2026-09-18,10:24,Jax Jones,This Is Real (feat. Ella Henderson),,,pending,
2026-09-18,10:21,Bruno Mars & Cardi B,Finesse (Pink Panda Remix),,,pending,
2026-09-18,10:16,Warriner & LORYN,Let Me Forget You,,,pending,
2026-09-18,10:14,Chloé Caillet,Training Season (Chloé Caillet Remix),,,pending,
2026-09-18,10:12,"HUGEL, Imael Angel & Ultra Naté",Movin To The Sun (DJ S.K.T Remix),,,pending,
2026-09-18,10:09,Sonny Fodera & MK,Asking (feat. Clementine Douglas),,,pending,
2026-09-18,10:06,Toman,Verano En NY,,,pending,
2026-09-18,10:04,Calvin Harris & Jazzy,Satisfy,,,pending,
2026-09-18,10:02,Lykke Li,I Follow Rivers (The Magician Remix),,,pending,
2026-09-18,09:58,Oliver Dollar & Jimi Jules,Pushing On,,,pending,
2026-09-18,09:56,Michael Gray,The Weekend,,,pending,
2026-09-18,09:54,Vic Mensa,Down On My Luck,,,pending,
2026-09-18,09:51,Inner City,Good Life,,,pending,
2026-09-18,09:34,Sonny Fodera,Let Me Be In Your Arms (feat. Libianca),,,pending,
2026-09-18,09:31,"Shy FX, Vybz Kartel & Clipz",Just Love,,,pending,
2026-09-18,09:26,Diplo & Sleepy Tom,Be Right There,,,pending,
2026-09-18,09:22,Cloonee & Prospa,Good Girl (feat. Tristan Henry),,,pending,
2026-09-18,09:12,Audio Bullys,Shot You Down (feat. Nancy Sinatra),,,pending,
2026-09-18,09:01,Chrystal,The Days (NOTION Remix),,,pending,
2026-09-18,08:59,Hi Tack,Say Say Say (Waiting 4 U),,,pending,
2026-09-18,08:57,Seamus Haji,Last Night A DJ Saved My Life,,,pending,
2026-09-18,08:54,Booty Luv,Shine,,,pending,
2026-09-18,08:52,KI/KI,What's A Girl To Do In '25,,,pending,
2026-09-18,08:47,Sidney Charles,The Fresh House Jam,,,pending,
2026-09-18,08:40,Kelis,Acapella,,,pending,
2026-09-18,08:37,CHRIS STASSY,U Know Me (feat. Marz Fay),,,pending,
2026-09-18,08:31,Nia Archives,Get You Down (feat. Jorja Smith),,,pending,
2026-09-18,08:28,The Chemical Brothers,Go (feat. Q‐Tip),,,pending,
2026-09-18,08:25,Marshall Jefferson,Move Your Body,,,pending,
2026-09-18,08:22,Alex Gaudino,I'm In Love (I Wanna Do It),,,pending,
2026-09-18,08:06,"Fred again.., Sammy Virji & Reggie",Talk Of The Town,,,pending,
2026-09-18,08:00,Bob Marley & Funkstar De Luxe,Sun Is Shining,,,pending,
2026-09-18,07:58,DBN Gogo & Benny Benassi,Satisfaction,,,pending,
2026-09-18,07:55,Mint Royale,Singin' In The Rain,,,pending,
2026-09-18,07:49,Phats And Small Present Mutant Disco,Turn Around,,,pending,
2026-09-18,07:45,"Michael Bibi, KETTAMA & Wu-Tang Clan",MYSTERY OF RAW,,,pending,
2026-09-18,07:27,Rudimental,Waiting All Night (feat. Ella Eyre),,,pending,
2026-09-18,07:24,"HUGEL, Imael Angel & Ultra Naté",Movin' To The Sun,,,pending,
2026-09-18,07:21,The Supermen Lovers,Starlight (feat. Mani Hoffman),,,pending,
2026-09-18,07:15,Tchami,Promesses (feat. Kaleem Taylor),,,pending,
2026-09-18,07:12,PAWSA & Adventures of Stevie V,Dirty Cash (Money Talks),,,pending,
2026-09-18,06:59,Fedde Le Grand,That Thing,,,pending,
2026-09-18,06:53,Axwell,Nobody Else,,,pending,
2026-09-18,06:51,Waze & Odyssey,Always,,,pending,
2026-09-18,06:48,Azzido da Bass,Dooms Night,,,pending,
2026-09-18,06:45,Purple Disco Machine,Body Funk,,,pending,
2026-09-18,06:42,The Future Sound of London,Papua New Guinea,,,pending,
2026-09-18,06:37,Fish Go Deep,The Cure & The Cause (feat. Tracey K),,,pending,
2026-09-18,06:32,Armand van Helden & Tara McDonald,My My My (Funktuary Remix),,,pending,
2026-09-18,06:30,Marie Davidson,Work It (Soulwax Remix),,,pending,
2026-09-18,06:21,Max Styler,Love Forever (feat. Kuuda),,,pending,
2026-09-18,06:10,Becky Hill,Changes,,,pending,
2026-09-18,06:00,Nia Archives,Get Me Down (feat. Jorja Smith),,,pending,
2026-09-18,05:37,DJ Fresh,Gold Dust (Shy FX Re-Edit) (feat. Ms. Dynamite),,,pending,
2026-09-18,05:34,Jean Jacques Smoothie,2 People,,,pending,
2026-09-18,05:28,Morgan Seatree & Florence the Machine,Say My Name,,,pending,
2026-09-18,05:20,LP Giobbi & Bklava,Sinner,,,pending,
2026-09-18,04:59,Julio Bashmore,Au Seve,,,pending,
2026-09-18,04:48,James Hype,Waterfalls (feat. Sam Harper & Bobby Harvey),,,pending,
2026-09-18,04:46,Delerium,Silence (John Summit Remix) (feat. Sarah McLachlan),,,pending,
2026-09-18,04:43,A Little Sound & Kelvin 373,Same Thing,,,pending,
2026-09-18,04:35,D. Kay & Epsilon,Barcelona (feat. Stamina MC),,,pending,
2026-09-18,04:24,Daft Punk,Get Lucky (feat. Pharrell Williams),,,pending,
2026-09-18,04:15,Jax Jones,You Don't Know Me (feat. RAYE),,,pending,
2026-09-18,04:10,Paul Johnson,Get Get Down,,,pending,
2026-09-18,04:07,Max Dean & Luke Dean,Get's Like That,,,pending,
2026-09-18,01:59,Bob Marley,Sun Is Shining (Radio De Luxe Edit),,,pending,
2026-09-18,00:55,Danny Tenaglia,Music Is The Answer (Dancin' & Prancin'),,,pending,
2026-09-18,00:48,Salif Keita,Madan (Martin Solveig Exotic Disco Mix),,,pending,
2026-09-18,00:45,Klangkarussell,Sonnentanz (Sun Don't Shine) (feat. Will Heard),,,pending,
2026-09-18,00:42,Junior Jack,E Samba,,,pending,
2026-09-18,00:33,Sub Focus & Dimension,Ready To Fly,,,pending,
2026-09-18,00:32,Nia Archives,Off Wiv Ya Headz,,,pending,
2026-09-18,00:23,Weiss,Feel My Needs,,,pending,
2026-09-18,00:20,Calvin Harris,Acceptable In The 80s,,,pending,
2026-09-18,00:16,Franky Wah & Gadjo,I'm Watching You (So Many Times),,,pending,
2026-09-18,00:12,Jonas Blue & Malive,Edge of Desire,,,pending,
2026-09-18,00:09,Duke Dumont,I Got U (feat. Jax Jones),,,pending,
2026-09-18,00:06,"Sub Focus, Culture Shock & Fragma",Miracle,,,pending,
2026-09-18,00:05,Bou,Closer (feat. Slay),,,pending,
2026-09-18,00:03,Robert Miles,Children,,,pending,
2026-09-18,00:01,Energy 52,Café Del Mar,,,pending,
2026-09-18,00:00,Robin S,Show Me Love,,,pending,
2026-09-18,Live,Sam Deeley & Sensa,Take Me Away,,,pending,
2026-09-18,16:04,Santiago Ritacco,Bounce,,,pending,
2026-09-18,16:01,Saoirse,Boombox,,,pending,
2026-09-19,19:42,Portishead,Roads (Sultan & Tone Depth Remix / HAAi edit),,,pending,
2026-09-19,19:35,Schiller,Ruhe (Humane Remix),,,pending,
2026-09-19,19:31,Quell,Fayall (Right Now Mix),,,pending,
2026-09-19,19:29,DJ Deep,Stressed,,,pending,
2026-09-19,19:23,Placebo,Running Up That Hill (Whitesquare's Closing Down Re Edit),,,pending,
2026-09-19,19:19,Kiara Scuro,Witching Hour,,,pending,
2026-09-19,19:18,HAAi,ID,,,pending,
2026-09-19,19:16,"Fred again.., Skin On Skin & BEAM",The Floor (HAAi Remix),,,pending,
2026-09-19,19:13,HearThuG,Crash Into You,,,pending,
2026-09-19,19:10,DJ Jackum,Prang,,,pending,
2026-09-19,19:08,Dismantle,ID,,,pending,
2026-09-19,19:02,Len Faki,Sexuality (my reality),,,pending,
2026-09-19,18:59,KUSS,Back,,,pending,
2026-09-19,18:57,Matador,Mambo,,,pending,
2026-09-19,18:53,Kassian,Replicate,,,pending,
2026-09-19,18:51,Pépé Bradock,Deep Burnt (Beatless Version),,,pending,
2026-09-19,18:48,Baile Bias,Liebus,,,pending,
2026-09-19,18:45,Cameo Blush,One Chance,,,pending,
2026-09-19,18:41,Fold & cu.rve,Business,,,pending,
2026-09-19,18:34,JXXXO & HERS,Trefpunt,,,pending,
2026-09-19,18:30,Enigma Trax,ID,,,pending,
2026-09-19,18:26,Tom VR,ID,,,pending,
2026-09-19,18:23,DJ Jackum,ID,,,pending,
2026-09-19,18:21,Straz,wherewilli,,,pending,
2026-09-19,18:17,Lucky People Centre International,Dancing Apes (Alex Maya Club Edit),,,pending,
2026-09-19,18:14,Monologue,Doiicce (A Version),,,pending,
2026-09-19,18:12,Overmono,Daisy Chain (DJ Sprinter Remix),,,pending,
2026-09-19,18:07,DOREY,ID,,,pending,
2026-09-19,18:01,HAAi,HUMANiSE (feat. Kaiden Ford),,,pending,
2026-09-19,17:57,Dusky,Next Life (feat. Rromarin),,,pending,
2026-09-19,17:54,Dusky,Percy Veering,,,pending,
2026-09-19,17:51,Dusky,Endless Sky,,,pending,
2026-09-19,17:48,Dusky,Hildegard,,,pending,
2026-09-19,17:44,Dusky,Sort It Out Sharon (feat. Wiley),,,pending,
2026-09-19,17:40,Dusky,Ingrid Is A Hybrid,,,pending,
2026-09-19,17:39,Dusky,Skin Deep,,,pending,
2026-09-19,17:37,Dusky,Careless,,,pending,
2026-09-19,17:34,Dusky,Nobody Else,,,pending,
2026-09-19,17:31,Dusky,Stick By This,,,pending,
2026-09-19,17:27,"Ghedi, Mura, Hiribae & Paps Okwach",Masaa,,,pending,
2026-09-19,17:22,Bonobo,Cycles,,,pending,
2026-09-19,17:18,Von Botch,See A Show,,,pending,
2026-09-19,17:11,Miss Monique & Robbie Williams,Beauty In Us **EMBARGOED 18th September 2026**,,,pending,
2026-09-19,17:07,RRETT,Joga (Bontan Edit),,,pending,
2026-09-19,17:03,Deer Jade,Hiraita Hiraita,,,pending,
2026-09-19,16:54,Biesmans,Disco Intel,,,pending,
2026-09-19,16:50,FLETCH,I Need U,,,pending,
2026-09-19,16:45,Larry Latenight,Animal Attraction,,,pending,
2026-09-19,16:41,Prunk & Midas Field,The Getaway,,,pending,
2026-09-19,16:32,Joseph Capriati & GENNARO,Control,,,pending,
2026-09-19,16:28,Alex Wann,Lost Keys,,,pending,
2026-09-19,16:22,AN21 & Jager,Step Up,,,pending,
2026-09-19,16:14,Adaru,Like That,,,pending,
2026-09-19,16:11,Julian Fijma,Broken Love,,,pending,
2026-09-19,16:08,"Armin van Buuren, Pete Tong & Poppy Baskcomb",Toca's Miracle,,,pending,
2026-09-19,16:04,"Adam Beyer, Argy & Alok",Keep Up,,,pending,
2026-09-19,15:58,I. JORDAN,Give Me Some More,,,pending,
2026-09-19,15:54,Matrefakt,This Time,,,pending,
2026-09-19,15:51,Spray,It's My Life,,,pending,
2026-09-19,15:49,Eoin DJ,We Need It,,,pending,
2026-09-19,15:42,IDEMI,The Mob,,,pending,
2026-09-19,15:38,Ciclo,No Ma Mood,,,pending,
2026-09-19,15:35,Kellie Allen & Sarah Story,Running On Your Love,,,pending,
2026-09-19,15:28,Danny Sanchez,Walk In The Light,,,pending,
2026-09-19,15:25,Late Replies,To My Bedroom,,,pending,
2026-09-19,15:18,Alexandria,Take You Higher,,,pending,
2026-09-19,15:10,Seb Zito & Lucas Alexander,Let's Go Deeper,,,pending,
2026-09-19,15:08,Bolt,Hit That,,,pending,
2026-09-20,Live,DJ Shadow,Three Ralphs,,,pending,
2026-09-20,18:25,Travis Scott,A Team,,,pending,
2026-09-20,18:23,ID,Thrill Pill,,,pending,
2026-09-20,18:19,Sister City,Blood Mind,,,pending,
2026-09-20,18:14,Rich The K,Who Dab Is That (feat. Migos & Skippa da Flippa),,,pending,
2026-09-20,18:13,WWWINGS,EXODUS,,,pending,
2026-09-20,18:11,DJ Shadow,Stem / Long Stem,,,pending,
2026-09-20,18:08,HCI,Bleep Bloop,,,pending,
2026-09-20,18:06,Lil Uzi Vert,Top,,,pending,
2026-09-20,18:04,Trae,Slugs (feat. Young Thug),,,pending,
2026-09-20,18:01,Eastghost,Wraith,,,pending,
2026-09-20,18:01,DJ Shadow,Organ Donor,,,pending,
2026-09-20,17:56,DRIIA,ID,,,pending,
2026-09-20,17:53,Alexus,Magic,,,pending,
2026-09-20,17:46,Marc Renton,Delusion,,,pending,
2026-09-20,17:43,Pola & Bryson & DRIIA,Where Did You Go,,,pending,
2026-09-20,17:40,Athena,Don't Let,,,pending,
2026-09-20,17:37,Redeyes,Blue Flower,,,pending,
2026-09-20,17:33,Imo-Lu,Circle,,,pending,
2026-09-20,17:30,Silent Dust,1959 (Calibre Remix),,,pending,
2026-09-20,17:28,Document One,Speaker Box,,,pending,
2026-09-20,17:27,Document One & Duskee,Technology,,,pending,
2026-09-20,17:27,Sub Focus & MC I.D.,Alarm,,,pending,
2026-09-20,17:26,Lee Mvtthews,Ripple,,,pending,
2026-09-20,17:26,Document One,Holy Moly VIP,,,pending,
2026-09-20,17:25,Document One,Small Steps,,,pending,
2026-09-20,17:24,Konflict,Messiah (Magnetude Remix),,,pending,
2026-09-20,17:24,Drawn Moon,Control (feat. QuBe & Qube),,,pending,
2026-09-20,17:23,CLIQUES.,Drop the Beat (Document One Remix),,,pending,
2026-09-20,17:22,Document One,Techno,,,pending,
2026-09-20,17:22,Document One,Go Hard,,,pending,
2026-09-20,17:22,"Sub Focus, IRAH & Fireboy DML",Original Don,,,pending,
2026-09-20,17:21,Document One,LSD VIP,,,pending,
2026-09-20,17:21,Subsonic,Frequency,,,pending,
2026-09-20,17:20,S.P.Y,Rock Da House (Alibi Remix),,,pending,
2026-09-20,17:20,Document One,Cheap Shot VIP,,,pending,
2026-09-20,17:18,Dimension,Bass Thump,,,pending,
2026-09-20,17:18,Crissy Criss,DANCE,,,pending,
2026-09-20,17:18,Document One,Overdrive,,,pending,
2026-09-20,17:16,Document One,Drip,,,pending,
2026-09-20,17:15,Tantrum Desire,Don't Look Back,,,pending,
2026-09-20,17:15,Upgrade & Basstripper,Do You,,,pending,
2026-09-20,17:14,Break,Short Stuff,,,pending,
2026-09-20,17:12,Document One,Hold On Me,,,pending,
2026-09-20,17:12,Waeys & Azotix,Steady Aim,,,pending,
2026-09-20,17:11,"T95, Branzh & Sweetie Irie",Stand & Deliver,,,pending,
2026-09-20,17:10,RageMode,Run (feat. Purple Velvet Curtains),,,pending,
2026-09-20,17:09,En:vy & Azifm,All Night Long,,,pending,
2026-09-20,17:08,Chase & Status,Blind Faith (Loadstar Remix) (feat. Liam Bailey),,,pending,
2026-09-20,17:08,Document One,A Place We Can Hide,,,pending,
2026-09-20,17:06,High Contrast,If We Ever (Unglued VIP),,,pending,
2026-09-20,17:06,FELIX,Don't You Want Me (Delta Heavy Remix),,,pending,
2026-09-20,17:05,Amplify & Grima x Azza,Paigons,,,pending,
2026-09-20,17:05,Camo & Krooked,Good Times Bad (Document One Remix),,,pending,
2026-09-20,17:04,Wergulz,Don't Stop,,,pending,
2026-09-20,17:03,Fred again.. & Baby Keem,leavemealone,,,pending,
2026-09-20,17:03,"Sigma, Dizzee Rascal & Coco",R U SLEEPING (Document One Remix),,,pending,
2026-09-20,17:02,DJ Hazard,Time Tripping,,,pending,
2026-09-20,17:01,hayve,Pressure,,,pending,
2026-09-20,17:00,Document One,Too Lazy,,,pending,
2026-09-20,16:58,"Koven, Loboski, T-Lex, Grace Barton, Unglued, TJB, Esther Durin, Luke Gomm, Catching Cairo & Pirapus",RENEGADE (Every Day),,,pending,
2026-09-20,16:54,Alcemist & DRIIA,Search Deep,,,pending,
2026-09-20,16:51,"Koven, Loboski, T-Lex, Grace Barton, Unglued, TJB, Esther Durin, Luke Gomm, Catching Cairo & Upgrade",Jungle Sally,,,pending,
2026-09-20,16:48,"Koven, Loboski, T-Lex, Grace Barton, Unglued, TJB, Esther Durin, Inja & MC Fats",Sugar Sweet,,,pending,
2026-09-20,16:45,"Koven, Loboski, T-Lex, Grace Barton, Unglued, TJB, Esther Durin, Luke Gomm & Catching Cairo",All of Me,,,pending,
2026-09-20,16:41,"Koven, Loboski, T-Lex, Grace Barton & El Pablo",Obstacle,,,pending,
2026-09-20,16:38,Leviticus,Burial (Madamoselle Mix),,,pending,
2026-09-20,16:32,"Koven, Loboski, T-Lex, Grace Barton, Unglued, TJB & Esther Durin",Heaven,,,pending,
2026-09-20,16:27,"SOTA, Mozey & BRODIE",Stupid,,,pending,
2026-09-20,16:24,"Koven, Loboski, T-Lex & Grace Barton",Options,,,pending,
2026-09-20,16:21,"Danny Byrd, Shapes & Doktor",Bad Like We,,,pending,
2026-09-20,16:17,SOTA,Poison,,,pending,
2026-09-20,16:13,Kanine,Surrender (feat. Jem Cooke),,,pending,
2026-09-20,16:09,Koven,juST to breAThE,,,pending,
2026-09-20,16:03,Andy C,Come Together (feat. Mali-Koa Hood),,,pending,
2026-09-20,16:01,Silva Bumpa,On 2nite (Pirapus R1 Remix),,,pending,
2026-09-20,15:55,Kölsch & London Grammar,Der Alte X Hell To The Liars,,,pending,
2026-09-20,15:52,Kariina,Ikigai,,,pending,
2026-09-20,15:48,Kölsch,Shadows (Demo),,,pending,
2026-09-20,15:45,Kölsch,Don't It Always (Demo),,,pending,
2026-09-20,15:41,Kölsch,Watergate (Demo),,,pending,
2026-09-20,15:38,Patrick Topping,Be Sharp Say Nowt (Kolsch Remix),,,pending,
2026-09-20,15:34,Kölsch,Picasso,,,pending,
2026-09-20,15:31,Sasha Emerson,Scorchio (Trancewax Edit),,,pending,
2026-09-20,15:24,Four Tet,You Are Mine,,,pending,
2026-09-20,15:20,Four Tet,Insect Near Piha Beach,,,pending,
2026-09-20,15:15,KH,Looking at Your Pager,,,pending,
2026-09-20,15:14,Four Tet,Lahaina Noon,,,pending,
2026-09-20,15:13,Skrillex,ID,,,pending,
2026-09-20,15:10,KiNK,You And Me (Dub Mix),,,pending,
2026-09-20,15:05,PinkPantheress & Four Tet,Illegal (Four Tet Remix),,,pending,
2026-09-20,15:03,Brick Zero Idea,HANHUA,,,pending,
2026-09-20,15:00,G Jones & EPROM,1000 Cuts,,,pending,
2026-09-20,14:57,Four Tet,140eye,,,pending,
2026-09-20,14:54,Lowbrain,Right There,,,pending,
2026-09-20,14:52,Jenny Sparks,How To Make A Bassline Song,,,pending,
2026-09-20,14:49,33 Below,Close To Me,,,pending,
2026-09-20,14:46,borne,Can I,,,pending,
2026-09-20,14:43,"KH, Four Tet & Nelly Furtado",Only Human (MPH Remix),,,pending,
2026-09-20,14:37,Turnstile & Four Tet,Look Out For Me (Four Tet Remix),,,pending,
2026-09-20,14:36,Feral,Nulling,,,pending,
2026-09-20,14:33,Sammy Virji & Four Tet,925 (Four Tet Remix),,,pending,
2026-09-20,14:32,ISOxo & DRYDEN,OFF A NYQUIL,,,pending,
2026-09-20,14:29,Sammy Virji,All The Way Up Top,,,pending,
2026-09-20,14:25,KH,Maybe,,,pending,
2026-09-20,14:21,Joy Orbison,FELTTTT,,,pending,
2026-09-20,14:17,Larry Latenight,Felicity's Groove,,,pending,
2026-09-20,14:12,Four Tet & Tony Romera,Baby (Tony Romera Remix),,,pending,
2026-09-20,14:10,Galcher Lustwerk,Vestibule (Ricardo Villalobos Remix),,,pending,
2026-09-20,14:04,Percussions,ID,,,pending,
2026-09-20,13:57,Li Kwan,Point Zero 2004 (Leama & Moor Remix),,,pending,
2026-09-20,13:50,Andy Moor & Adam White Present Whiteroom,The Whiteroom,,,pending,
2026-09-20,13:43,Sarah McLachlan,World On Fire (Junkie XL Remix),,,pending,
2026-09-20,13:38,Probspot,Foreplay,,,pending,
2026-09-20,13:33,Brian Eno,An Ending (Leama & Moor Remix),,,pending,
2026-09-20,13:30,Above & Beyond,Troubles In The World,,,pending,
2026-09-20,13:29,Thomas Newman,Ghosts,,,pending,
2026-09-20,13:25,Phonique,The Red Dress (Tiefschwarz Remix),,,pending,
2026-09-20,13:20,Ferrer & Sydenham,Sandcastles (Pete Heller Re-Edit),,,pending,
2026-09-20,13:13,Max Sedgley,Happy,,,pending,
2026-09-20,13:10,Starsailor,Four to the Floor (Thin White Duke remix),,,pending,
2026-09-20,13:07,Spektrum,Kinda New (Tiefschwarz Dub),,,pending,
2026-09-20,13:03,The Chemical Brothers,Galvanize (feat. Q‐Tip),,,pending,
2026-09-20,12:59,Scissor Sisters,Comfortably Numb (Fatboy Slim Remix),,,pending,
2026-09-20,12:52,Armand van Helden,My My My,,,pending,
2026-09-20,12:48,N*E*R*D,She Wants to Move (Basement Jaxx Main Mix),,,pending,
2026-09-20,12:45,Basement Jaxx,Good Luck (feat. Lisa Kekaula),,,pending,
2026-09-20,12:32,Gadjo,So Many Times (feat. Alexandra Prince),,,pending,
2026-09-20,12:25,Faithless,Mass Destruction,,,pending,
2026-09-20,12:21,Reflekt,Need to Feel Loved (Horizontal Mix) (feat. Delline Bass),,,pending,
2026-09-20,12:13,Martin Solveig,Rocking Music,,,pending,
2026-09-20,12:08,Deep Dish,Flashdance,,,pending,
2026-09-20,12:04,The Shapeshifters,Lola's Theme,,,pending,
2026-09-20,11:56,James Hype,Serotonin,,,pending,
2026-09-20,11:48,Tre Reynolds,Don't Go (Don't Leave),,,pending,
2026-09-20,11:46,Milky & David Guetta,Just The Way You Are (David Guetta remix),,,pending,
2026-09-20,11:35,Tommy Philips,Sun Is Shining (Lovely Dae),,,pending,
2026-09-20,11:32,MK,Zone (feat. Poppy Baskcomb),,,pending,
2026-09-20,11:21,Jazzy,Get This Started,,,pending,
2026-09-20,11:12,Skepta & Chase & Status,Innocent Smile,,,pending,
2026-09-20,11:10,"Joy Anonymous, Stush & Ezra Collective",JOY (This One),,,pending,
2026-09-20,11:04,Jonas Blue,Girl,,,pending,
2026-09-20,10:54,Sub Focus,Could This Be Real,,,pending,
2026-09-20,10:52,KDA,Just Say (feat. Tinashe),,,pending,
2026-09-20,10:49,John Summit,Deep End,,,pending,
2026-09-20,10:46,Jessie Ware,Running (Disclosure Remix),,,pending,
2026-09-20,10:40,Chase & Status & Bou,"Baddadan (feat. IRAH, Trigga, Flowdan & Takura)",,,pending,
2026-09-20,10:35,Sigala & Talia Mar,Stay The Night,,,pending,
2026-09-20,10:27,Nia Archives,Baianá,,,pending,
2026-09-20,10:25,Pendulum,"Tarantula (feat. DJ Fresh, Spyda & Tenor Fly)",,,pending,
2026-09-20,10:22,Fred again..,adore u (feat. Obongjayar),,,pending,
2026-09-20,10:20,Monki,Feels Darker,,,pending,
2026-09-20,10:17,Paul Woolford,Hang Up Your Hang Ups (CamelPhat Remix) (feat. Kim English),,,pending,
2026-09-20,10:14,Mark Knight & Armand van Helden,The Music Began To Play,,,pending,
2026-09-20,10:04,Eric Prydz,Pjanoo,,,pending,
2026-09-20,09:58,Rudimental,Dancing is Healing (feat. Vibe Chemistry & Charlotte Plank),,,pending,
2026-09-20,09:55,Sub Focus,Tidal Wave (feat. Alpines),,,pending,
2026-09-20,09:52,Galantis,Peanut Butter Jelly,,,pending,
2026-09-20,09:50,Daft Punk,"Harder, Better, Faster, Stronger",,,pending,
2026-09-20,09:47,Becky Hill,My Heart Goes (La Di Da) (feat. Topic),,,pending,
2026-09-20,09:46,Corona,Rhythm Of The Night (Blonde Remix),,,pending,
2026-09-20,09:30,The Prodigy,Omen,,,pending,
2026-09-20,09:27,Calvin Harris,Ready For The Weekend,,,pending,
2026-09-20,09:25,Chuckie & LMFAO,Let The Bass Kick In Miami Girl,,,pending,
2026-09-20,09:22,Cascada,Evacuate The Dancefloor,,,pending,
2026-09-20,09:17,Sigma,Changing (feat. Paloma Faith),,,pending,
2026-09-20,09:15,Krystal Klear,Neutron Dance,,,pending,
2026-09-20,09:09,Beyond Chicago & Majestic,Million Dollar Bill (feat. Alex Mills),,,pending,
2026-09-20,08:58,Calvin Harris & Clementine Douglas,Blessings (Max Styler Remix),,,pending,
2026-09-20,08:51,HAVEN. & Miggy Dela Rosa,Red Light,,,pending,
2026-09-20,08:35,"Sonny Fodera, Jazzy & D.O.D",Somedays,,,pending,
2026-09-20,08:33,Tim Deluxe,It Just Won't Do (feat. Sam Obernik),,,pending,
2026-09-20,08:23,HAVEN.,I Run (James Hype Remix) (feat. Kaitlin Aragon),,,pending,
2026-09-20,08:18,Morgan Seatree & Carla Monroe,Beat Is Jumping,,,pending,
2026-09-20,08:15,Switch Disco,Brazil (feat. Declan McKenna),,,pending,
2026-09-20,08:08,"Gryffin, BUNT. & Inéz",World Away,,,pending,
2026-09-20,08:07,Jax Jones,Where Did You Go? (feat. MNEK),,,pending,
2026-09-20,08:03,Tate McRae,Exes (Regard Remix),,,pending,
2026-09-20,07:57,Avicii,Hey Brother,,,pending,
2026-09-20,07:31,220 KID & GRACEY,Don't Need Love,,,pending,
2026-09-20,07:26,Disclosure,Latch (feat. Sam Smith),,,pending,
2026-09-20,07:22,Shaft,(Mucho Mambo) Sway,,,pending,
2026-09-20,07:10,Interplanetary Criminal & Silva Bumpa,Hold The Phone,,,pending,
2026-09-20,07:06,Chris Lake & Abel Balder,Ease My Mind,,,pending,
2026-09-20,07:01,Fedde Le Grand & Camille Jones,The Creeps,,,pending,
2026-09-20,06:55,Riton,Turn Me On (feat. Vula),,,pending,
2026-09-20,06:52,MEDUZA,Piece Of Your Heart (James Hype Remix) (feat. Goodboys),,,pending,
2026-09-20,06:48,"Max Dean, Luke Dean & Locky",Can't Decide,,,pending,
2026-09-20,06:38,Magnetic Man,Perfect Stranger (feat. Katy B),,,pending,
2026-09-20,06:27,Florence the Machine,Spectrum (Say My Name) (Calvin Harris Mix),,,pending,
2026-09-20,06:24,DJ Fresh,Gravity (feat. Ella Eyre),,,pending,
2026-09-20,06:19,Milky & Mall Grab,Just The Way You Are (Mall Grab Edit),,,pending,
2026-09-20,06:06,Jordan Peak,Front 2 Back,,,pending,
2026-09-20,06:01,Guru Josh Project,Infinity 2008,,,pending,
2026-09-20,05:58,Duck Sauce,Barbra Streisand,,,pending,
2026-09-20,05:55,Cleptomaniacs,All I Do (feat. Bryan Chambers),,,pending,
2026-09-20,05:25,"cassö, RAYE & D‐Block Europe",Prada,,,pending,
2026-09-20,05:10,Kungs,This Girl,,,pending,
2026-09-20,05:06,LF SYSTEM,Afraid To Feel,,,pending,
2026-09-20,05:00,Disclosure,You & Me (feat. Eliza),,,pending,
2026-09-20,04:24,Hannah Laing & RoRo,Good Love,,,pending,
2026-09-20,04:17,BL3SS & CamrinWatsin,Kisses (feat. bbyclose),,,pending,
2026-09-20,04:01,Sandy B,Make The World Go Round,,,pending,
2026-09-20,03:58,Dean Turnley,Actin' Tough,,,pending,
2026-09-20,03:53,Bob Sinclar,"World, Hold On (Children Of The Sky) (FISHER Rework) (feat. Steve Edwards)",,,pending,
2026-09-20,03:36,Katy B,Katy On A Mission,,,pending,
2026-09-20,03:27,Duke Dumont,Need U (100%) (feat. A*M*E),,,pending,
2026-09-20,03:25,Armand van Helden,I Need A Painkiller (MK Remix),,,pending,
2026-09-20,03:16,Europa,All Day And Night (feat. Madison Beer),,,pending,
2026-09-20,02:54,Disciples,They Don't Know,,,pending,
2026-09-20,02:51,Chase & Status,Liquor & Cigerettes (Reading and Leeds Festival 2026) (feat. ARDEE),,,pending,
2026-09-20,02:50,Chase & Status,Censor (Reading and Leeds Festival 2026),,,pending,
2026-09-20,02:43,DJ Fresh,Hot Right Now (feat. Rita Ora),,,pending,
2026-09-20,02:26,DJ Craig Gorman & Rain Radio,Talk About,,,pending,
2026-09-20,02:15,Overmono & High Contrast,If We Ever,,,pending,
2026-09-20,02:06,Mau P,Like I Like It,,,pending,
2026-09-20,01:58,Uniting Nations,Out Of Touch,,,pending,
2026-09-20,01:49,Carlita,Manhattan (feat. Sofi Tukker),,,pending,
2026-09-20,01:35,T2,Heartbroken (feat. Jodie Aysha),,,pending,
2026-09-20,01:24,The Ones,Flawless,,,pending,
2026-09-20,01:10,Marlon Hoffstadt,It's That Time,,,pending,
2026-09-20,00:59,Fred again.. & Swedish House Mafia,Turn On The Lights again.. (feat. Future),,,pending,
2026-09-20,00:56,Basement Jaxx,Romeo,,,pending,
2026-09-20,00:53,MK & Sonny Fodera,One Night (feat. Raphaella),,,pending,
2026-09-20,00:49,Jazzy & Spriitzz,Can't Deny It,,,pending,
2026-09-20,00:46,D.O.N.S.,Pump Up The Jam (feat. Technotronic),,,pending,
2026-09-20,00:01,Jax Jones,House Work (feat. Mike Dunn & MNEK),,,pending,
2026-09-21,Live,Genex,Atypical,,,pending,
2026-09-21,17:31,Deano (ZA),Tension,,,pending,
2026-09-21,17:28,Indira Paganotto,Sultans of Paris,,,pending,
2026-09-21,17:26,Indira Paganotto,Boomerang,,,pending,
2026-09-21,17:23,Indira Paganotto,Nylon,,,pending,
2026-09-21,17:20,Indira Paganotto,System,,,pending,
2026-09-21,17:16,Indira Paganotto,Saints Jimmy,,,pending,
2026-09-21,17:12,Gray Cosmo,Rapatam,,,pending,
2026-09-21,17:08,Gray Cosmo,Unshry (Extended Mix),,,pending,
2026-09-21,17:05,Samuel Andrášik,Zenith,,,pending,
2026-09-21,17:02,Samuel Andrášik,Axis,,,pending,
2026-09-21,17:00,Yigitoglu,When Silence Become A Need (Extended Mix),,,pending,
2026-09-21,16:56,ONYVAA,Expand Your Mind,,,pending,
2026-09-21,16:54,ONYVAA,Free Your Soul,,,pending,
2026-09-21,16:52,"Emok, Gaudium & Phaxe",Mojo (feat. Martin Vice),,,pending,
2026-09-21,16:49,Indira Paganotto,Crush,,,pending,
2026-09-21,16:47,Indira Paganotto,ID,,,pending,
2026-09-21,16:43,Indira Paganotto,Himalaya,,,pending,
2026-09-21,16:37,Talamasca,Kung-Fu Lesson (feat. DJ Ananada),,,pending,
2026-09-21,16:35,Illuminatae,Tremora del Terra,,,pending,
2026-09-21,16:33,Talismann,Hoar,,,pending,
2026-09-21,16:32,Simone Zino,Oblivium,,,pending,
2026-09-21,16:30,Simone Zino,UFO,,,pending,
2026-09-21,16:28,Askkin,Urban Land,,,pending,
2026-09-21,16:25,Klint,Dynamo,,,pending,
2026-09-21,16:24,AD7USTMENT,Oxytocin,,,pending,
2026-09-21,16:21,AD7USTMENT,Dopamine,,,pending,
2026-09-21,16:17,Boombox Cartel,Reaper (Dense & Pika Remix) (feat. JID),,,pending,
2026-09-21,16:15,Confidential Recipe,Work It For Luv,,,pending,
2026-09-21,16:14,Indira Paganotto,Hello I Love You,,,pending,
2026-09-21,16:12,Indira Paganotto,El Mago,,,pending,
2026-09-21,16:06,Indira Paganotto,Momento,,,pending,
2026-09-21,15:56,Vintage Culture & Kevin Brauer,Yoga,,,pending,
2026-09-21,15:53,Tommy Phillips,Sun Is Shining,,,pending,
2026-09-21,15:50,RSCL & DIM FLO,Miracle,,,pending,
2026-09-21,15:48,Kristin Velvet,Grand Prix,,,pending,
2026-09-21,15:45,Archie Hamilton & Us Two,I Can't Stop,,,pending,
2026-09-21,15:32,Caleb Jackson,Hip House Hammer,,,pending,
2026-09-21,15:30,Arielle Free,'Cause I Can,,,pending,
2026-09-21,15:28,Anyma & Volkoder,Another Dimension,,,pending,
2026-09-21,15:22,Rooléh,Want To Know,,,pending,
2026-09-21,15:20,BYOR,Baddies Going Out,,,pending,
2026-09-21,15:16,Hilet Kolit,Yessir,,,pending,
2026-09-21,15:12,Robbie Doherty,Loneliness,,,pending,
2026-09-21,15:08,Foynez,Bombreaker,,,pending,
2026-09-21,15:04,Charlie Powell,Aggy Organ,,,pending,
2026-09-21,15:00,"Prospa, Cloonee & Sybil",Free Your Mind (Opamean Edit),,,pending,
2026-09-21,14:56,Lucine & Little Simz,Mood Swings,,,pending,
2026-09-21,14:53,Topley,Do It Right Now (UKG VIP Mix) (feat. Novelist),,,pending,
2026-09-21,14:48,Yazmina,Just Dance,,,pending,
2026-09-21,14:43,Riot Code,Ain't No WAy,,,pending,
2026-09-21,14:40,Rose Holland,Solid On The Ground,,,pending,
2026-09-21,14:38,Afters At Amelias,WARN DEM,,,pending,
2026-09-21,14:32,Kalabash,Hiding,,,pending,
2026-09-21,14:30,Natty Lou & Dread MC,Sabotage (feat. Adam Cooper),,,pending,
2026-09-21,14:26,Nowsm,TMF,,,pending,
2026-09-21,14:19,Kolzuu,MOVE IT,,,pending,
2026-09-21,14:16,DAGRAU,Hypercube,,,pending,
2026-09-21,14:12,KiT,Selection,,,pending,
2026-09-21,14:08,Keeler,Show Ya Something,,,pending,
2026-09-21,14:04,Thornz,Tell The DJ,,,pending,
2026-09-21,14:00,Fork and Knife,Ugly Baby,,,pending,
2026-09-21,13:57,Yoto Swords,Demise,,,pending,
2026-09-21,13:55,K-Tech,Get The Money,,,pending,
2026-09-21,13:52,KING BOOO!,Take Me Up,,,pending,
2026-09-21,13:50,Yazmina,Late Night In Detroit (feat. Lucky Samurai),,,pending,
2026-09-21,13:47,Guycelium,Fool Me Thrice,,,pending,
2026-09-21,13:45,SHUFFA,Blockhuggers (Dub),,,pending,
2026-09-21,13:42,Timmy P & Duarte Castro,Rukus Snitch,,,pending,
2026-09-21,13:38,Halana Roma,Piece By Piece (Liam Palmer Remix),,,pending,
2026-09-21,13:34,Shaolin Cowboy,Next Time Around,,,pending,
2026-09-21,13:31,Mona Yim,RUSH,,,pending,
2026-09-21,13:28,SUBSHIFT,Brain Dance,,,pending,
2026-09-21,13:23,Tophe & Yuta,Mind Moves,,,pending,
2026-09-21,13:20,Big Softy,Headbanger,,,pending,
2026-09-21,13:17,niina,high by the sea,,,pending,
2026-09-21,13:14,GIVE LOVE & Groove Armada,U Found Love,,,pending,
2026-09-21,13:10,LEGZDINA,NEIGHBOURS KNOCKINg,,,pending,
2026-09-21,13:06,Jerome Price,Make It Through,,,pending,
2026-09-21,13:03,Model Man,Xylitol,,,pending,
2026-09-21,12:52,Barry Can't Swim,Kimbara,,,pending,
2026-09-21,12:49,Kenya Grace,Strangers,,,pending,
2026-09-21,12:47,Fred again..,Julia (deep diving),,,pending,
2026-09-21,12:43,Gorgon City,Ready For Your Love (feat. MNEK),,,pending,
2026-09-21,12:40,Jamie xx,Gosh,,,pending,
2026-09-21,12:28,Orbital,Chime,,,pending,
2026-09-21,12:21,Massive Attack,Unfinished Sympathy,,,pending,
2026-09-21,12:17,The Prodigy,Firestarter,,,pending,
2026-09-21,12:15,Burial,Archangel,,,pending,
2026-09-21,12:02,Sonique,It Feels So Good,,,pending,
2026-09-21,11:56,Carl Cox,The Latin Theme,,,pending,
2026-09-21,11:52,Sasha,"Xpander (12"" Remastered Version)",,,pending,
2026-09-21,11:49,Paul Oakenfold & Franky Wah,Bullet In The Gun,,,pending,
2026-09-21,11:45,Fatboy Slim,Praise You,,,pending,
2026-09-21,11:39,"Shy FX, IRAH & UK Apachi",Original Nuttah (Chase & Status Remix),,,pending,
2026-09-21,11:36,Nia Archives,Baiana,,,pending,
2026-09-21,11:32,Goldie,Inner City Life,,,pending,
2026-09-21,11:25,The Chemical Brothers,Hey Boy Hey Girl,,,pending,
2026-09-21,11:18,Four Tet,Baby,,,pending,
2026-09-21,11:03,Becky Hill & Chase & Status,Disconnect (Shy FX Remix),,,pending,
2026-09-21,10:56,Piri & Tommy Villiers,soft spot,,,pending,
2026-09-21,10:52,Lady Gaga & Ariana Grande,Rain On Me (Purple Disco Machine Remix),,,pending,
2026-09-21,10:46,Netsky,Love Has Gone,,,pending,
2026-09-21,10:41,Travis Scott,Goosebumps (HVME Remix),,,pending,
2026-09-21,10:38,Disclosure,F For You (Remix) (feat. Mary J. Blige),,,pending,
2026-09-21,10:35,Sub Focus,Airplane (Culture Shock Remix),,,pending,
2026-09-21,10:27,Gorgon City & Flirta D,Sidewindah,,,pending,
2026-09-21,10:25,Calvin Harris & Disciples,How Deep Is Your Love,,,pending,
2026-09-21,10:21,Karen Harding,Say Something,,,pending,
2026-09-21,10:18,Fana Hues,Icarus,,,pending,
2026-09-21,10:12,Gorgon City & Yazz,Real,,,pending,
2026-09-21,10:05,Kygo,Firestone (feat. Conrad Sewell),,,pending,
2026-09-21,10:03,Critycal Dub,Moving Fast,,,pending,
2026-09-21,10:02,The Temper Trap,Sweet Disposition (John Summit & Silver Panda Remix),,,pending,
2026-09-21,09:47,Kings of Tomorrow & Mochakk,Finally (feat. Julie McKnight),,,pending,
2026-09-21,09:44,Chase & Status,No Problem,,,pending,
2026-09-21,09:41,Alan Fitzpatrick,We Do What We Want,,,pending,
2026-09-21,09:38,Tom Novy & Michael Marshall,Your Body,,,pending,
2026-09-21,09:35,Calvin Harris & Calvin Harris,Hypnagogic (I Can't Wait),,,pending,
2026-09-21,09:30,Jamie xx,LET'S DO IT AGAIN,,,pending,
2026-09-21,09:26,Joel Corry,Lonely,,,pending,
2026-09-21,09:23,Wankelmut & Emma Louise,My Head Is A Jungle (MK Remix),,,pending,
2026-09-21,09:20,Daniel Bedingfield,Gotta Get Thru This,,,pending,
2026-09-21,09:16,Tomcraft,Loneliness,,,pending,
2026-09-21,09:07,Gorgon City,Voodoo,,,pending,
2026-09-21,09:06,Axwell,Feel The Vibe,,,pending,
2026-09-21,09:03,Fish Go Deep,The Cure & The Cause (Idris Elba Remix) (feat. Tracey K),,,pending,
2026-09-21,09:01,Louie Vega & The Martinez Brothers,Let It Go (feat. Marc E. Bassy),,,pending,
2026-09-21,08:51,Gorgon City & DRAMA,You've Done Enough,,,pending,
2026-09-21,08:48,Jodie Harsh,My House,,,pending,
2026-09-21,08:45,Calvin Harris & Sam Smith,Promises (feat. Jessie Reyez),,,pending,
2026-09-21,08:43,Mau P,Amsterdam,,,pending,
2026-09-21,08:41,Faul & Wad Ad,Changes,,,pending,
2026-09-21,08:31,M83,Midnight City (Eric Prydz Private Remix),,,pending,
2026-09-21,08:21,Becky Hill & Sigala,Heaven On My Mind,,,pending,
2026-09-21,08:18,Jonasu,Black Magic,,,pending,
2026-09-21,08:13,Storm Queen,Look Right Through,,,pending,
2026-09-21,08:11,Kylie Minogue,Padam Padam,,,pending,
2026-09-21,08:06,Shakedown,At Night (Kid Creme Club Mix),,,pending,
2026-09-21,08:04,Patrick Topping,Forget,,,pending,
2026-09-21,08:01,Calvin Harris,Pray To God (feat. HAIM),,,pending,
2026-09-21,06:58,HOSH & 1979,Midnight (The Hanging Tree) (feat. Jalja),,,pending,
2026-09-21,06:56,Fatboy Slim,"Right Here, Right Now (CamelPhat Remix)",,,pending,
2026-09-21,06:54,Snap!,Rhythm Is A Dancer,,,pending,
2026-09-21,06:12,Kideko & George Kwali,Crank It (Woah!) (feat. Nadia Rose & Sweetie Irie),,,pending,
2026-09-21,06:00,Cassius,Cassius 99,,,pending,
2026-09-21,05:57,ATB,9pm (Till I Come),,,pending,
2026-09-21,05:20,C C Music Factory,Gonna Make You Sweat (Everybody Dance Now) (feat. Freedom Williams),,,pending,
2026-09-21,05:17,Rudimental & Winny,Send Shots (feat. Koffee),,,pending,
2026-09-21,04:51,Pete Heller & David Penn,Big Love (David Penn Remix),,,pending,
2026-09-21,04:09,Utah Saints,Something Good '08,,,pending,
2026-09-21,04:06,Shermanology,Boyz N Da Club,,,pending,
2026-09-21,04:00,Alex Gaudino,What A Feeling (feat. Kelly Rowland),,,pending,
2026-09-21,03:54,Bodyrox,Yeah Yeah,,,pending,
2026-09-21,03:52,Double 99,Ripgroove (feat. Top Cat),,,pending,
2026-09-21,03:40,Alex Adair,Make Me Feel Better,,,pending,
2026-09-21,03:38,Loud Luxury,Body (feat. Brando),,,pending,
2026-09-21,03:32,Gramophonedzie,Why Don't You,,,pending,
2026-09-21,03:30,Samim,Heater,,,pending,
2026-09-21,03:28,Kideko & George Kwali,Crank It,,,pending,
2026-09-21,02:38,Josh Baker & LEILAH,Over You,,,pending,
2026-09-21,02:25,Alice DeeJay,Better Off Alone,,,pending,
2026-09-21,02:22,Robyn,Dancing On My Own,,,pending,
2026-09-21,02:15,York,O.T.B. (On The Beach),,,pending,
2026-09-21,01:43,Bob Sinclar,Love Generation (feat. Gary Pine),,,pending,
2026-09-21,01:32,HAVEN.,I Run (feat. Kaitlin Aragon),,,pending,
2026-09-21,01:24,Ella Henderson,Alibi (feat. Rudimental),,,pending,
2026-09-21,01:01,"Ndotz, Kyla & DJ Paleface",Do You Mind,,,pending,
2026-09-21,00:55,Yeah Yeah Yeahs,Heads Will Roll,,,pending,
2026-09-21,00:53,Redlight,Get Out My Head,,,pending,
2026-09-21,00:47,Shy FX,Roll The Dice (feat. Stamina MC & Lily Allen),,,pending,
2026-09-21,00:38,Format:B,Chunky,,,pending,
2026-09-21,00:23,David Guetta,Titanium (feat. Sia),,,pending,
2026-09-21,00:21,M.A.N.D.Y.,Body Language,,,pending,
2026-09-21,00:05,The Similou,All This Love,,,pending,
2026-09-21,00:00,Fred again..,Billie (Loving Arms),,,pending,
2026-09-22,18:57,Cutty Ranks,Limb By Limb (Alex Mills Edit),,,pending,
2026-09-22,18:56,Mark Williams & Bowlesy,Sunshine In The Rain,,,pending,
2026-09-22,18:55,Kreature,Another Loop,,,pending,
2026-09-22,18:52,Jelsen & Dr Dubplate,Percolate,,,pending,
2026-09-22,18:50,Casnova,Eternal Rhythm,,,pending,
2026-09-22,18:46,Alex Dyer,About You,,,pending,
2026-09-22,18:44,Josh Demello,Won't Stop,,,pending,
2026-09-22,18:41,Alex Osifo,Now Dance,,,pending,
2026-09-22,18:37,Incus,Solar Powered,,,pending,
2026-09-22,18:32,Bobby O'Donnell & Reeshy,No More (Binyamhn 6am Remix),,,pending,
2026-09-22,18:29,Silva Bumpa,Body On Me (feat. EVA),,,pending,
2026-09-22,18:20,Boss Priester,Bad Boy Boogie,,,pending,
2026-09-22,18:17,Newsham,Automatic,,,pending,
2026-09-22,18:13,Munchy,The Style,,,pending,
2026-09-22,18:11,Parashoot,Bring That Beat Back,,,pending,
2026-09-22,18:07,Veritas,Silly Games,,,pending,
2026-09-22,18:03,Silva Bumpa & Virgo,Swagger Sound,,,pending,
2026-09-22,18:00,Fede Alipandri,BA Money,,,pending,
2026-09-22,17:55,Dexter Kane,Bodyrox,,,pending,
2026-09-22,17:49,Mattik,big fi dem edit,,,pending,
2026-09-22,17:46,RKM333 & AT2,QT Face,,,pending,
2026-09-22,17:44,Ozzie Guven,Skool of Steppas,,,pending,
2026-09-22,17:40,Wax Thief & Matt Brockman,in my airforce,,,pending,
2026-09-22,17:36,Sulphur & Prozak,Too Many Times,,,pending,
2026-09-22,17:34,Ziggy Ostas,Garage Girls,,,pending,
2026-09-22,17:31,Chad Harrison,Giver,,,pending,
2026-09-22,17:28,Badstar,The 1,,,pending,
2026-09-22,17:20,Silva Bumpa & Specialist Moss,HYPA,,,pending,
2026-09-22,17:15,Bowlesy,Jubilee,,,pending,
2026-09-22,17:12,Owen Andrews,Let's Go,,,pending,
2026-09-22,17:08,Fede Aloprandri,Body Moving,,,pending,
2026-09-22,17:04,Bowlesy,Ultrafunkilla,,,pending,
2026-09-22,17:00,Owen Andrews,How You Like Me Now,,,pending,
2026-09-22,16:58,Adam Ten,I Never Knew,,,pending,
2026-09-22,16:53,GUDFELLA & Nariman,ID (feat. Alexis Roberts),,,pending,
2026-09-22,16:49,"Peace Control, Von Boch & TeAmo",Deep (Just Right),,,pending,
2026-09-22,16:44,Brunello,Science Fiction,,,pending,
2026-09-22,16:38,Peggy Gou,I Go,,,pending,
2026-09-22,16:36,Ana Bijoux,1977 (Tom Zeta Maccabi Edit),,,pending,
2026-09-22,16:34,Demi Requisimo,Tutukaka,,,pending,
2026-09-22,16:29,Rishbh & Chase Carter,ID,,,pending,
2026-09-22,16:26,Cavi,F The Disco,,,pending,
2026-09-22,16:24,GUDFELLA,Morning Coffee (JATO Remix),,,pending,
2026-09-22,16:20,GUDFELLA,Morning Coffee (feat. Jitwam),,,pending,
2026-09-22,16:15,ROBTHEBANK & Marte,ID,,,pending,
2026-09-22,16:12,"GUDFELLA, Gkat & Deeper Purpose",ID,,,pending,
2026-09-22,16:03,GUDFELLA & Yamagucci,ID,,,pending,
2026-09-22,15:58,Chasing Kurt,From The Inside (Reznik Extended Remix),,,pending,
2026-09-22,15:54,TMPLE,Black Cat,,,pending,
2026-09-22,15:49,Makèz & LYMA,Come Back Tomorrow,,,pending,
2026-09-22,15:46,Peggy Gou,"Wo, man (feat. Ayra Starr)",,,pending,
2026-09-22,15:43,Lolu Menaced & Regina Picone,No Name,,,pending,
2026-09-22,15:40,Fleur Shore,Call Me In The Morning (Candidate Remix),,,pending,
2026-09-22,15:36,Nick Curly,Tempo,,,pending,
2026-09-22,15:30,Stacey Pullen,I Wanna Dance,,,pending,
2026-09-22,15:26,Groove Armada,Love's Theme (Myd Remix),,,pending,
2026-09-22,15:22,Dam Swindle,Dam Swindle,,,pending,
2026-09-22,15:18,Ame,Pha Na Pha (TSHA Remix) (feat. Busiswa),,,pending,
2026-09-22,15:14,Soulsearcher,"Feelin Love (RUZE, Chesster Remix)",,,pending,
2026-09-22,15:11,Riva Starr & Prunk,I Want Your Love (feat. Danny Losito),,,pending,
2026-09-22,15:08,Summem & desmond,Absolute Scorcher,,,pending,
2026-09-22,15:04,Prospa,Dreams,,,pending,
2026-09-22,15:01,Clüb De Combat,All The Single Ladies,,,pending,
2026-09-22,10:59,Loods & Mall Grab,Love Is Real,,,pending,
2026-09-22,10:55,Dom Dolla & MK,Rhyme Dust,,,pending,
2026-09-22,10:47,Duke Dumont & Gorgon City,Real Life (feat. Naations),,,pending,
2026-09-22,10:45,Ian Van Dahl,Castles In The Sky (feat. Marsha),,,pending,
2026-09-22,10:42,Sub Focus,Endorphins (feat. Alex Clare),,,pending,
2026-09-22,10:40,Steve Angello,Knas,,,pending,
2026-09-22,10:37,Emily Nash,Garden,,,pending,
2026-09-22,10:34,Pendulum,Watercolour,,,pending,
2026-09-22,10:32,Netsky & Hybrid Minds,Let Me Hold You,,,pending,
2026-09-22,10:29,"Calvin Harris, Solardo & Calvin Harris",Rollercoaster,,,pending,
2026-09-22,10:26,Flo Rida,Club Can't Handle Me (feat. David Guetta),,,pending,
2026-09-22,10:21,Calvin Harris & Rihanna,This Is What You Came For (Calvin Harris VIP Mix),,,pending,
2026-09-22,10:19,Öwnboss,Move Your Body,,,pending,
2026-09-22,10:16,Adelphi Music Factory,Javelin (Calling Out Your Name),,,pending,
2026-09-22,10:12,Olav Basoski,Waterman (feat. Michie One),,,pending,
2026-09-22,10:08,Ewan McVicar,Groove Thang,,,pending,
2026-09-22,10:06,Tom Novy,Your Body (feat. Michael Marshall),,,pending,
2026-09-22,10:01,High Contrast,Remind Me (High Contrast Jungle Mix),,,pending,
2026-09-22,10:00,Format:B,Chunky (The Prototypes Remix),,,pending,
2026-09-22,09:56,Shadow Child & Doorly,Climbin' (Piano Weapon),,,pending,
2026-09-22,09:54,Ben Pearce,What I Might Do,,,pending,
2026-09-22,09:52,Kurtis Mantronik,77 Strings,,,pending,
2026-09-22,09:46,Disclosure,Ultimatum,,,pending,
2026-09-22,09:19,A Little Sound,Back To Back (B2B),,,pending,
2026-09-22,09:16,Diplo & Sonny Fodera,Turn Back Time (Wilkinson Remix),,,pending,
2026-09-22,09:11,Gorgon City,All Four Walls (feat. Vaults),,,pending,
2026-09-22,09:08,Zedd,Stay The Night (feat. Hayley Williams),,,pending,
2026-09-22,08:57,Calvin Harris & Ellie Goulding,Miracle,,,pending,
2026-09-22,08:45,KPop Demon Hunters,Golden (David Guetta Remix),,,pending,
2026-09-22,08:42,"ATB, Topic & A7S",Your Love (9PM),,,pending,
2026-09-22,08:33,Shermanology,Sometimes,,,pending,
2026-09-22,08:28,Bob Sinclar,"World, Hold On (Fisher Remix) (feat. Steve Edwards)",,,pending,
2026-09-22,08:20,Natasha Bedingfield & Badger,These Words,,,pending,
2026-09-22,08:10,Taylor Swift,The Fate Of Ophelia (Loud Luxury Remix),,,pending,
2026-09-22,08:07,Faster Horses,The Only Girl,,,pending,
2026-09-22,08:03,Ed Sheeran,Azizam (D.O.D Remix),,,pending,
2026-09-22,08:00,David Guetta,Memories (feat. Kid Cudi),,,pending,
2026-09-22,07:59,Azzido da Bass,Dooms Night (Timo Maas Remix),,,pending,
2026-09-22,07:54,Missy Elliott,4 My People (Basement Jaxx Remix),,,pending,
2026-09-22,07:42,Adele,Hometown Glory (High Contrast Remix),,,pending,
2026-09-22,07:30,Dua Lipa,Houdini (Adam Port Remix),,,pending,
2026-09-22,07:27,Robyn & Kleerup,With Every Heartbeat,,,pending,
2026-09-22,07:24,nimino,I Only Smoke When I Drink,,,pending,
2026-09-22,07:06,Sigma,Nobody To Love,,,pending,
2026-09-22,06:52,Black Legend,You See The Trouble With Me,,,pending,
2026-09-22,06:50,Moloko,The Time Is Now,,,pending,
2026-09-22,06:27,GotSome,Bassline (feat. The Get Along Gang),,,pending,
2026-09-22,06:18,ANOTR,Relax My Eyes (Nic Fanciulli Remix) (feat. Abel Balder),,,pending,
2026-09-22,05:55,Dave Lee,Make A Move On Me,,,pending,
2026-09-22,05:25,Jorja Smith,Little Things x Gypsy Woman (L BEATS MASHUP),,,pending,
2026-09-22,05:23,Hardrive,Deep Inside,,,pending,
2026-09-22,05:13,Planet Funk,Chase The Sun,,,pending,
2026-09-22,05:04,Prospa & Josh Baker,You Don't Own Me (feat. RAHH),,,pending,
2026-09-22,04:00,Tensnake,Coma Cat,,,pending,
2026-09-22,03:40,"KDA, Tinie Tempah & Katy B",Turn The Music Louder (Rumble),,,pending,
2026-09-22,03:30,Lock ’n Load,Blow Ya Mind (Club Caviar Remix),,,pending,
2026-09-22,03:24,Ellia Jaya & Poppy Wright,Disconnect My Mind,,,pending,
2026-09-22,03:22,Becky Hill & Chase & Status,Disconnect,,,pending,
2026-09-22,02:58,Jax Jones,Breathe (feat. Ina Wroldsen),,,pending,
2026-09-22,02:52,Tori Amos,Professional Widow (It's Got To Be Big) (Armand's Star Trunk Funkin' Edit),,,pending,
2026-09-22,02:32,ATB,Til I Come ((Selector Spinach Edit),,,pending,
2026-09-22,02:27,Chase & Status,End Credits (feat. Plan B),,,pending,
2026-09-22,02:24,High Contrast,Remind Me,,,pending,
2026-09-22,02:12,Pete Heller,Big Love,,,pending,
2026-09-22,02:01,Sidney Samson,Riverside,,,pending,
2026-09-22,01:56,Kid Cudi & Crookers,Day 'N' Nite (Crookers Remix),,,pending,
2026-09-22,00:45,Max Styler & Kuuda,Love Forever,,,pending,
2026-09-23,Live,Chase & Status & Clementine Douglas,Mixed Emotions,,,pending,
2026-09-23,19:54,Chase & Status,All Goes Wrong (feat. Tom Grennan),,,pending,
2026-09-23,19:51,Watch the Ride & Nia Archives,Mash Up The Dance,,,pending,
2026-09-23,19:50,Chase & Status,Retreat (feat. Cutty Ranks),,,pending,
2026-09-23,19:46,Odd Mob,LEFT TO RIGHT (Subsonic Remix),,,pending,
2026-09-23,19:45,"Shy FX, IRAH, Chase & Status & UK Apachi",Original Nuttah (Chase & Status Remix),,,pending,
2026-09-23,19:40,ID,Pulse,,,pending,
2026-09-23,19:39,MK & Dom Dolla,Rhyme Dust (Dimension Remix),,,pending,
2026-09-23,19:32,TC,Where's My Money,,,pending,
2026-09-23,19:29,Omni Trio,Renegade Snares (Foul Play Remix),,,pending,
2026-09-23,19:22,Potential Bad Boy,Let's Go,,,pending,
2026-09-23,19:18,Kenny Ken,Everyman (Benny Page Remix) (feat. DRS),,,pending,
2026-09-23,19:08,Wilkinson,Afterglow,,,pending,
2026-09-23,19:05,LTJ Bukem,Atlantis,,,pending,
2026-09-23,19:02,Adam F,Circles,,,pending,
2026-09-23,18:59,High Contrast,If We Ever,,,pending,
2026-09-23,18:52,Calibre & High Contrast,Mr. Majestic,,,pending,
2026-09-23,18:49,Roni Size,Sound Advice,,,pending,
2026-09-23,18:41,Bru-C & Bou,Streetside,,,pending,
2026-09-23,18:38,Roni Size & Roni Size / Reprazent,Brown Paper Bag (Original Mix),,,pending,
2026-09-23,18:31,Andy C & Shimon,Body Rock,,,pending,
2026-09-23,18:28,Krust,Warhead,,,pending,
2026-09-23,18:25,Micky Finn,Bad Ass,,,pending,
2026-09-23,18:25,Ray Keith,Chopper (Shy FX Remix),,,pending,
2026-09-23,18:25,Origin Unknown,Valley Of The Shadows,,,pending,
2026-09-23,18:21,Goldie,Terminator,,,pending,
2026-09-23,18:11,Chase & Status & Stormzy,BACKBONE,,,pending,
2026-09-23,18:03,Shy FX & T Power,Shake Ur Body (feat. Di),,,pending,
2026-09-23,18:00,M‐Beat,Incredible (feat. General Levy),,,pending,
2026-09-23,17:57,Sebastian Davidson,Free Me (Leo Moreno Remix),,,pending,
2026-09-23,17:51,Royal Gigolos,Self Control (D.O.N.S. Remix),,,pending,
2026-09-23,17:47,Punx,The Rock (Alternative Club Mix),,,pending,
2026-09-23,17:39,Mr.C,Terricola (Alpha Male Mix),,,pending,
2026-09-23,17:35,Computer Goys,Bödeln,,,pending,
2026-09-23,17:32,Erick Powell,Phunked Up (Ph-Ph-Phunkked Up Mix),,,pending,
2026-09-23,17:29,Bedroom,Vamos,,,pending,
2026-09-23,17:25,LDV,Power,,,pending,
2026-09-23,17:21,Krome Avenue,High,,,pending,
2026-09-23,17:00,Roma,Feel So Good (DJ Robert's Hardgroove Mix),,,pending,
2026-09-23,16:55,Midas Field,Get Loose,,,pending,
2026-09-23,16:52,Josh Butler,Rinser,,,pending,
2026-09-23,16:48,Moscat,You Ain't Moving,,,pending,
2026-09-23,16:43,Gene Farris,The Lucky Ones,,,pending,
2026-09-23,16:41,SIS,Chan Chan,,,pending,
2026-09-23,16:38,Robb Swinga,WOW,,,pending,
2026-09-23,16:36,Piem,Only You,,,pending,
2026-09-23,16:31,Duke,So In Love With You,,,pending,
2026-09-23,16:28,Mario Clavasquin & Diego Antoine,Your Soul,,,pending,
2026-09-23,16:25,Matthias Tanzmann & Chris Di Perri,Hit the Brakes,,,pending,
2026-09-23,16:21,Grace Bones & Leavy,Times We Had It All,,,pending,
2026-09-23,16:17,ADEZ (NL),Santurce,,,pending,
2026-09-23,16:14,Biesmans,Roots 'N Future,,,pending,
2026-09-23,16:10,SYREETA & DJ Minx,All Night Thing,,,pending,
2026-09-23,16:07,Huxley,Pinball,,,pending,
2026-09-23,16:01,Serge Santiágo,Transition (Nolan Remix),,,pending,
2026-09-23,15:57,Ringo Starr,Strawberry Drums Forever (DH Re-Edit),,,pending,
2026-09-23,15:54,The Beatles,Strawberry Fields Forever,,,pending,
2026-09-23,15:48,The Clash,Rock The Casbah,,,pending,
2026-09-23,15:42,Mekon & Marc Almond,Please Stay (Royskopp Mix),,,pending,
2026-09-23,15:32,Candida,Jingo (Danny Howells' Kitchen Sink Mix),,,pending,
2026-09-23,15:25,Ekova,Heaven's Dust,,,pending,
2026-09-23,15:21,Age of Chance,Flame On,,,pending,
2026-09-23,15:15,Spooky,Something's Got To Give,,,pending,
2026-09-23,15:08,Sir Drew,Fat Foot,,,pending,
2026-09-23,15:06,Raw Silk,Do It To The Music,,,pending,
2026-09-23,15:05,First Choice,Love Thang,,,pending,
2026-09-23,15:01,Cerrone,Sweet Drums,,,pending,
2026-09-23,14:57,Prince,Drum Link,,,pending,
2026-09-23,14:52,Patti Jo,Make Me Believe In You,,,pending,
2026-09-23,14:51,James Brown,Excerpt from James Brown Live At The Apollo Vol 2,,,pending,
2026-09-23,14:47,Kool & the Gang,Spirit of the boogie,,,pending,
2026-09-23,14:43,Beastie Boys,Shadrach,,,pending,
2026-09-23,14:40,Aloof,Never Get Out Of The Boat,,,pending,
2026-09-23,14:35,Primal Scream,Screamadelica,,,pending,
2026-09-23,14:30,The Funky Lowlives,Inside (Dorfmeister VS Uptight Dub),,,pending,
2026-09-23,14:23,Agent BLK,Feel Good,,,pending,
2026-09-23,14:18,Danny Byrd,Expanded Remix,,,pending,
2026-09-23,14:13,Polar,Nightwatch,,,pending,
2026-09-23,14:09,Simian,The Wisp,,,pending,
2026-09-23,14:04,Madonna & Massive Attack,I Want You,,,pending,
2026-09-23,14:00,Doves,Firesuite,,,pending,
2026-09-23,13:55,Jimi Jules,Whisper to Me,,,pending,
2026-09-23,13:52,Everything but the Girl,Missing (Franky Rizardo Remix),,,pending,
2026-09-23,13:47,KamJam & Dario,Too Close,,,pending,
2026-09-23,13:43,Rafael & Adam Ten,Beat Goes On (Original Mix),,,pending,
2026-09-23,13:39,Dunmore Brothers & Ben Westbeech,Trust Me,,,pending,
2026-09-23,13:34,Bonafique & Yuvèe,Profill,,,pending,
2026-09-23,13:30,"Hardt Antoine, Nariman & Bipolar Sunshine",Stay,,,pending,
2026-09-23,13:26,Kaz James,Dance Her Right,,,pending,
2026-09-23,13:22,SiiNa,Stockholm Syndrome,,,pending,
2026-09-23,13:18,Dorian Craft,IFTK,,,pending,
2026-09-23,13:14,Andrea Oliva,Neon Hearts,,,pending,
2026-09-23,13:09,Liva K & HotLap,Dance Baby,,,pending,
2026-09-23,13:07,Pacha,Zaro,,,pending,
2026-09-23,12:59,"LP Giobbi, Bruno Be & Carola",Do For Love (feat. Clover County),,,pending,
2026-09-23,12:56,Dusky,Bindweed,,,pending,
2026-09-23,12:53,Bonobo & Joy Crookes,Always On Your Side,,,pending,
2026-09-23,12:49,Jonas Blue & Wh0,Girl (Club Dub Mix),,,pending,
2026-09-23,12:45,Lisa Korver,Picante,,,pending,
2026-09-23,12:38,CamelPhat & Josh Gigante,So Good (Sapian Extended Remix) (feat. Kuuda),,,pending,
2026-09-23,12:34,Bautista,My Heart's On Fire,,,pending,
2026-09-23,12:23,Mella Dee,Changes,,,pending,
2026-09-23,12:20,Hiraita Hiraita,Deer Jade,,,pending,
2026-09-23,12:17,Edd,Front Front & Back Back (Extended Mix),,,pending,
2026-09-23,12:14,Josh Baker,Breaking Point,,,pending,
2026-09-23,12:10,Rafael & Toni B,She Can Love U,,,pending,
2026-09-23,12:07,Jessie Ware & CamelPhat,Sauna (CamelPhat Remix),,,pending,
2026-09-23,12:04,"rhys from the sticks, HoneyLuv & Marshall Jefferson",High In Ibiza,,,pending,
2026-09-23,12:00,Silva Bumpa & Kosmo Kint,Fantasy (Baby If u know me),,,pending,
2026-09-23,11:56,Shy FX,Feelings,,,pending,
2026-09-23,11:42,Avicii & Sebastien Drums,My Feelings For You,,,pending,
2026-09-23,11:40,"Sam Smith, Kim Petras & Disclosure",Unholy (Disclosure Remix),,,pending,
2026-09-23,11:37,MEDUZA & James Carter,Bad Memories (feat. Elley Duhé & Fastboy),,,pending,
2026-09-23,11:33,"David Morales, The Face & Juliet Roberts",Needin' U (I Needed U),,,pending,
2026-09-23,11:31,Philip George,Wish You Were Mine (Dexcell Remix),,,pending,
2026-09-23,11:25,Griff,One Night (Jack Wins Remix),,,pending,
2026-09-23,11:23,Something Good,Rhythm (Of The Night),,,pending,
2026-09-23,11:10,"David Guetta, Becky Hill & Ella Henderson",Crazy What Love Can Do,,,pending,
2026-09-23,11:07,Hannah Laing,Murder On The Dancefloor,,,pending,
2026-09-23,11:05,Fatboy Slim,"Right Here, Right Now (High Contrast Remix)",,,pending,
2026-09-23,11:01,TECH IT DEEP,Maria Maria,,,pending,
2026-09-23,10:55,Riton,Rinse & Repeat (feat. Kah‐Lo),,,pending,
2026-09-23,10:52,Beyoncé,BREAK MY SOUL,,,pending,
2026-09-23,10:43,Calvin Harris & Sam Smith,Promises,,,pending,
2026-09-23,10:41,Jessie Ware,Say You Love Me (Gorgon City Remix),,,pending,
2026-09-23,10:36,The Lovefreekz,Shine,,,pending,
2026-09-23,10:27,Dua Lipa,Boys Will Be Boys (Zach Witness Remix),,,pending,
2026-09-23,10:23,B Beat Girls,For the Same Man (Nic Fanciulli Remix),,,pending,
2026-09-23,10:21,Naughty Boy,La La La (feat. Sam Smith),,,pending,
2026-09-23,10:18,99 Souls,The Girl Is Mine (feat. Destiny’s Child & Brandy),,,pending,
2026-09-23,10:01,Lee Cabrera & Alex Cartañá,Shake It (Move A Little Closer),,,pending,
2026-09-23,09:49,Biscits,Bringing Me Down (Bad Love),,,pending,
2026-09-23,09:39,Raphi,Giving U,,,pending,
2026-09-23,09:38,Kevin McKay,Take Me To The Clouds,,,pending,
2026-09-23,09:29,Teddy Swims,Bad Dreams (HUGEL Remix),,,pending,
2026-09-23,09:21,Shaboozey,A Bar Song (Tipsy),,,pending,
2026-09-23,09:20,Jax Jones,This Is Real (Midnight Snacks Remix) (feat. Ella Henderson),,,pending,
2026-09-23,09:17,Calvin Harris,Blessings (feat. Clementine Douglas),,,pending,
2026-09-23,09:08,Oden & Fatzo,You Don't Want To Think About It (feat. Noa Milee),,,pending,
2026-09-23,09:05,sombr,12 to 12 (VYNE Remix),,,pending,
2026-09-23,09:03,Dom Dolla,Saving Up,,,pending,
2026-09-23,08:59,Room 5,Make Luv (feat. Oliver Cheatham),,,pending,
2026-09-23,08:46,Tiësto,The Business,,,pending,
2026-09-23,08:32,Prospa,Motions,,,pending,
2026-09-23,08:28,Nadia Ali,Rapture (Avicii New Generation Mix),,,pending,
2026-09-23,08:14,Denon Reed & Cru2,Let Him Go,,,pending,
2026-09-23,08:03,Shakedown,At Night (Shakedown's Galactic Boogie),,,pending,
2026-09-23,07:55,Calvin Harris,Sweet Nothing (feat. Florence Welch),,,pending,
2026-09-23,07:37,Rudimental,Send Shots (feat. Koffee & Winny),,,pending,
2026-09-23,07:20,James Hype,More Than Friends (feat. Kelli‐Leigh),,,pending,
2026-09-23,07:13,The Prodigy,Breathe,,,pending,
2026-09-23,07:00,La Roux,In For The Kill (Skream's Let's Get Ravey Mix),,,pending,
2026-09-23,06:59,DJ Snake,Middle (feat. Bipolar Sunshine),,,pending,
2026-09-23,06:57,Protoje,Who Knows (Shy FX Remix) (feat. Chronixx),,,pending,
2026-09-23,06:53,N‐Trance,Set You Free,,,pending,
2026-09-23,06:31,Mark Knight & René Amesz,All 4 Love (feat. Tasty Lopez),,,pending,
2026-09-23,06:23,Mella Dee,Techno Disco Tool,,,pending,
2026-09-23,06:13,Beyoncé,Beautiful Liar (Freemasons Remix) (feat. Shakira),,,pending,
2026-09-23,05:45,"Axwell, Laidback Luke, Steve Angello & Sebastian Ingrosso",Leave The World Behind (feat. Deborah Cox),,,pending,
2026-09-23,05:38,CamelPhat & Cristoph,Breathe (feat. Jem Cooke),,,pending,
2026-09-23,05:34,Swedish House Mafia,One,,,pending,
2026-09-23,04:54,Netsky,Rio (feat. Digital Farm Animals),,,pending,
2026-09-23,04:20,"Prospa, Cloonee & Sybil",Free Your Mind,,,pending,
2026-09-23,04:14,Stretch & Vern,I'm Alive,,,pending,
2026-09-23,03:34,Jorja Smith,What's Done Is Done,,,pending,
2026-09-23,03:27,Fish Go Deep & Tracey K,The Cure & The Cause (Dennis Ferrer Remix),,,pending,
2026-09-23,03:01,Katy B,Lights On (feat. Ms. Dynamite),,,pending,
2026-09-23,00:59,Flume & kai,Never Be Like You,,,pending,
2026-09-24,19:53,Faster Horses,Sevastopol,,,pending,
2026-09-24,19:48,Faster Horses,Give It Up To Me,,,pending,
2026-09-24,19:33,RSCL & Gusta,Wax,,,pending,
2026-09-24,19:29,On Sight,Doghouse,,,pending,
2026-09-24,19:15,Aphex Twin,Window (Aubrey Fry & abandoned technologies Interpretation),,,pending,
2026-09-24,19:05,Christopher Ledger,Got To Believe,,,pending,
2026-09-24,18:56,Pablo Aristimuño,007,,,pending,
2026-09-24,18:50,fh,The NQ House Trak,,,pending,
2026-09-24,18:38,Locklead,Dimension,,,pending,
2026-09-24,18:18,Kara Okay & Freddi,Push the Tempo (Main Mix),,,pending,
2026-09-24,18:14,Obskür,Back To It,,,pending,
2026-09-24,18:11,Floyd Lavine & William Kiss,Hypnotize (feat. Liam Mockridge),,,pending,
2026-09-24,18:00,RTK Tarantino & Dxnby,Badman City,,,pending,
2026-09-24,17:59,Olivia Dean,Man I Need (Metal Work & Amplify Bootleg)(Dub) 81,,,pending,
2026-09-24,17:56,Master Error,??? (Dub),,,pending,
2026-09-24,17:55,Amplify,Out Of Me (Murky Digital),,,pending,
2026-09-24,17:55,Master Error & I.5.2.Y,Into The Light (Dub),,,pending,
2026-09-24,17:54,Amplify & T95,Control (Dub),,,pending,
2026-09-24,17:53,Amplify,I'm The Man (Dub),,,pending,
2026-09-24,17:52,Dominator,Spun (Biological Beats) (feat. Fatman D),,,pending,
2026-09-24,17:51,Amplify,Closer (Dub),,,pending,
2026-09-24,17:50,Sub Killaz & Profile,Baron (Dub),,,pending,
2026-09-24,17:50,Stillz,Noise (Dub),,,pending,
2026-09-24,17:49,Amplify & Dispute Uk,One Hit Wonder (Dub),,,pending,
2026-09-24,17:48,Nick the Lot,Plutonium (Dub),,,pending,
2026-09-24,17:48,T>I,Riddim (Dub),,,pending,
2026-09-24,17:47,"Hedex , Window Kid , Amplify & Overlook",Mad(Dub),,,pending,
2026-09-24,17:46,HEXA,Greater Good (Dub),,,pending,
2026-09-24,17:45,Nu Elementz & Slipz,I Must Know (Dub),,,pending,
2026-09-24,17:45,TLC,No Scrubs (Amplify & Nick The Lot Bootleg)(Dub),,,pending,
2026-09-24,17:44,Metal Work,Thinking (Filthy Habits Remix)(High R8 Digital),,,pending,
2026-09-24,17:44,Original Sin,8 Figure Bass Remix (Dub),,,pending,
2026-09-24,17:43,"Nick The Lot , Amplify , Herbz & Venz",Mein Gott (Dub),,,pending,
2026-09-24,17:42,Dispute UK,EX2C (VIP)(Dub),,,pending,
2026-09-24,17:42,Profile & Replicant,Ghetto Hot (Master Error Remix (VIP)(Dub),,,pending,
2026-09-24,17:41,Jme,Man Don't Care (Bou & Amplify Bootleg)(Dub),,,pending,
2026-09-24,17:41,T95,3AM (Dub),,,pending,
2026-09-24,17:40,Nick the Lot,Destroyer (Dub),,,pending,
2026-09-24,17:39,Dispute UK,Jammin (VIP) (Dub),,,pending,
2026-09-24,17:38,Jaybee & Jbz,Shelly Furtardo (Dub),,,pending,
2026-09-24,17:36,Skrillex,Diwali (Gino Bootleg)(Dub),,,pending,
2026-09-24,17:36,Rendah,Hate Me Love Me (Dub),,,pending,
2026-09-24,17:35,James Brown,I Feel Good (Amplify Bootleg)(VIP)(Dub),,,pending,
2026-09-24,17:35,Amplify & Slipz,Bubble (Dub),,,pending,
2026-09-24,17:34,Furniss & B-Line,Shake It (Dub),,,pending,
2026-09-24,17:33,Metal Work,Outta My Head (Dub),,,pending,
2026-09-24,17:32,Amplify,Ayo (Dub),,,pending,
2026-09-24,17:32,"Serum , Basslayerz & Inja",Tek Mi Number,,,pending,
2026-09-24,17:30,Bou & Amplify,Get Up (Dub),,,pending,
2026-09-24,17:30,Nick the Lot,Take Your Time (Dub),,,pending,
2026-09-24,17:29,Critical Impact,Invincible (Dub),,,pending,
2026-09-24,17:29,Amplify & Dispute,Energy (Dub),,,pending,
2026-09-24,17:28,Magenta,Dedication (Basslayerz Recordings),,,pending,
2026-09-24,17:28,Gino,Du Du Du (Dnb Allstars),,,pending,
2026-09-24,17:26,Amplify,Light It (Dub) (feat. B-Line),,,pending,
2026-09-24,17:25,Traumatize,Innocent (Dub),,,pending,
2026-09-24,17:24,Etta James,At Last (Amplify & Nick The Lot Bootleg)(Dub),,,pending,
2026-09-24,17:24,D-Fuser & Mann,Godzilla (Dub),,,pending,
2026-09-24,17:23,Majistrate,Do This (VIP)(Dub) (feat. Weejii),,,pending,
2026-09-24,17:22,Sub Killaz & Profile,- ?? (Dub) (feat. Nix),,,pending,
2026-09-24,17:21,Dispute UK,Less Talkin (Dub),,,pending,
2026-09-24,17:21,Amplify & Bou,Lemme Kno (Dub),,,pending,
2026-09-24,17:20,Majistrate,Pressure (Master Error & Amplify Remix)(VIP)(Dub),,,pending,
2026-09-24,17:19,Nick the Lot,I Can't Hear you (Dub) (feat. Fatman D),,,pending,
2026-09-24,17:18,Bou & Amplify,The Code (Dub) (feat. Slay),,,pending,
2026-09-24,17:17,Amplify & Emily Makis,Get It On (VIP)(Isekai Records),,,pending,
2026-09-24,17:17,Turno & Audit,Awful (Dub),,,pending,
2026-09-24,17:17,Serum,Sawn Off (Dub),,,pending,
2026-09-24,17:15,Amplify,Low (Dub),,,pending,
2026-09-24,17:14,Dominator,Bomb Squad (Bou Remix)(Low Down Deep),,,pending,
2026-09-24,17:14,Burntboi & Audit,Mind Games (Dub),,,pending,
2026-09-24,17:13,ANON,Ground (Dub),,,pending,
2026-09-24,17:13,Amplify,In Ya Chest (Dub),,,pending,
2026-09-24,17:12,Majistrate,Plank Bass 2026 (Dub),,,pending,
2026-09-24,17:11,Amplify,Save me (Dub),,,pending,
2026-09-24,17:10,Ghee-K,Are You Ready (Dub),,,pending,
2026-09-24,17:10,Profile & Sub Killaz,Total Destruction (Dub),,,pending,
2026-09-24,17:09,Nick The Lot & Amplfy,That's Life (Dub),,,pending,
2026-09-24,17:09,Metal Work,Feel Your Love (Gradient Records),,,pending,
2026-09-24,17:08,Amplify,Begging (Dub),,,pending,
2026-09-24,17:08,Silvz,Green Street (VIP)(Dub),,,pending,
2026-09-24,17:07,Bou & Amplify,Supersonic (Dub),,,pending,
2026-09-24,17:07,Cuvurs,Body (Dub),,,pending,
2026-09-24,17:05,Sub Killaz,Life It Is (Master Error Remix)(VIP) (Dub),,,pending,
2026-09-24,17:05,Taxman,Times Up (Playaz),,,pending,
2026-09-24,17:05,Bou,Magic Rug (Dub),,,pending,
2026-09-24,17:04,Ampliy,Inside Out (Dub),,,pending,
2026-09-24,17:04,Guzi,Say Yeah (Low Down Deep),,,pending,
2026-09-24,17:03,Nick the Lot,Fast Lane (Dub) (feat. B-Line),,,pending,
2026-09-24,17:03,Bou,Gotta Grind (Dub),,,pending,
2026-09-24,17:02,T-Lex,Talk 2 me (Dub),,,pending,
2026-09-24,17:02,Dispute UK,Sights On You (Dub),,,pending,
2026-09-24,17:01,Amplify,Turn It Up (Dub) (feat. Spyda),,,pending,
2026-09-24,16:57,Mania & Nersha,Get a Grip,,,pending,
2026-09-24,16:53,SOLAH,Time (Nu:Tone Remix),,,pending,
2026-09-24,16:51,Eddy Don’t Sail & Jordvn Emanuel,Over Again,,,pending,
2026-09-24,16:49,Changing Faces,Naughty Girl (feat. LIIA),,,pending,
2026-09-24,16:45,S.P.Y,No More,,,pending,
2026-09-24,16:42,Kanine,Midnight Sun,,,pending,
2026-09-24,16:35,Alix Perez & Liam Bailey,Moving On (Break Remix),,,pending,
2026-09-24,16:32,"S.P.Y, CMDCTRL & Elipsa",Higher Than Heaven,,,pending,
2026-09-24,16:30,Shy FX & KINGH,100,,,pending,
2026-09-24,16:27,Think Tonk,soul in flames,,,pending,
2026-09-24,16:25,Think Tonk,Coastal Service,,,pending,
2026-09-24,16:23,Think Tonk,All Dem Sound (Tonk Remix26),,,pending,
2026-09-24,16:21,DRS & Think Tonk,Blessed,,,pending,
2026-09-24,16:20,Think Tonk,What A Ting Lside VIP,,,pending,
2026-09-24,16:17,Think Tonk,Started Again,,,pending,
2026-09-24,16:15,Think Tonk,Good Year Riddim,,,pending,
2026-09-24,16:13,Think Tonk,Tom And Heavy VIP,,,pending,
2026-09-24,16:11,Think Tonk,Toppa Top,,,pending,
2026-09-24,16:09,Alex Reece,Pulp Fiction,,,pending,
2026-09-24,16:07,"Think Tonk, DRS & Rago Loco",Does My Head In (Tonk26 remix),,,pending,
2026-09-24,16:06,Think Tonk & Bury Dem,Lside (Remix),,,pending,
2026-09-24,16:03,Think Tonk & Jamie McCool,Devil's Handshake,,,pending,
2026-09-24,16:00,Think Tonk & party invaders,Iceberg Dance,,,pending,
2026-09-24,15:57,Sam Smith,Lay Me Down (Todd Edwards Remix),,,pending,
2026-09-24,15:55,Kristine Blond,Love Shy,,,pending,
2026-09-24,15:51,Groove Control,Beautiful (Tuff Jam Undavybe Mix),,,pending,
2026-09-24,15:49,R-Tyme,Use Me (MK Mix),,,pending,
2026-09-24,15:46,Unknown,Untitled,,,pending,
2026-09-24,15:43,St Germain,Alabama Blues (Todd Edwards Mix),,,pending,
2026-09-24,15:40,Håkan Lidbo,Walk Away (Todd Edward's Tell Someone Dub Mix),,,pending,
2026-09-24,15:37,Cloud 9,Do You Want Me Baby,,,pending,
2026-09-24,15:35,Smokin Beats,Dreams,,,pending,
2026-09-24,15:32,Fono,Real Joy,,,pending,
2026-09-24,15:29,Unknown,Deep Inside (remix),,,pending,
2026-09-24,15:26,Kim English,Nite Life (Retail Club Version),,,pending,
2026-09-24,15:23,Cause & Affect,Dimensions,,,pending,
2026-09-24,15:20,X-Presidents,Diamond Rings,,,pending,
2026-09-24,15:17,TJR,Just Gets Better (TJR Dub) (feat. Xavier),,,pending,
2026-09-24,15:14,MJ Cole,Sincere,,,pending,
2026-09-24,15:12,Chris Lorenzo,Hooch,,,pending,
2026-09-24,15:09,Gutta,Nothing Wrong,,,pending,
2026-09-24,15:06,One Dark Martian,When You're There,,,pending,
2026-09-24,15:03,Todd Edwards,Hold The Faith,,,pending,
2026-09-24,15:00,Pied Piper & DJ Pied Piper & The Masters of Ceremonies,Do You Really Like It (Acapella),,,pending,
2026-09-24,14:57,Flava D,Gash (edit),,,pending,
2026-09-24,14:55,TuffCulture,Found My Heart,,,pending,
2026-09-24,14:52,TNT,Unique,,,pending,
2026-09-24,14:49,The Mike Delinquent Project,Hype Ting (DJ EZ Special),,,pending,
2026-09-24,14:43,Preditah,Zero,,,pending,
2026-09-24,14:38,Kry Wolf,Concrete,,,pending,
2026-09-24,14:35,Musical Mob,Pulse X,,,pending,
2026-09-24,14:32,Lxury,We Do,,,pending,
2026-09-24,14:29,Ossie & Flava D,The Buzz (Flava D Remix),,,pending,
2026-09-24,14:26,Jhelisa,Friendly Pressure (Sunship Remix),,,pending,
2026-09-24,14:23,Cookie,Battle,,,pending,
2026-09-24,14:21,Nastee Boi,Greez,,,pending,
2026-09-24,14:18,Zed Bias,Neighbourhood (Roska Remix),,,pending,
2026-09-24,14:15,Tee Vish,Can't Tek This,,,pending,
2026-09-24,14:12,MJ Cole,Bouldaz,,,pending,
2026-09-24,14:09,"Colours, Stephen Emmanuel & June Hamm",Hold On,,,pending,
2026-09-24,14:05,Artful Dodger V Dreem Team,It Ain't Enough,,,pending,
2026-09-24,14:03,GRADES,Crocodile Tears,,,pending,
2026-09-24,14:00,Authr,Belief,,,pending,
2026-09-24,13:57,Carl Bee,Ground Beat,,,pending,
2026-09-24,13:49,Alphadog,Rockstar,,,pending,
2026-09-24,13:45,Agoria,Scala (Vintage Culture Remix),,,pending,
2026-09-24,13:41,Modelers & Deniz Tekin,Active,,,pending,
2026-09-24,13:30,Liva K & Jiannis Siopis,Really Love Ya,,,pending,
2026-09-24,13:26,Greg Paulus,NRG (O.bee & Tomas Station Remix),,,pending,
2026-09-24,13:18,George FitzGerald,The Ladder,,,pending,
2026-09-24,13:13,Khadija,Glory,,,pending,
2026-09-24,13:09,Amelie Lens & Angèle,run,,,pending,
2026-09-24,13:06,Âme & RY X,Love Is The Dance (Ivory Remix),,,pending,
2026-09-24,13:02,Fonsa & Jaeger,Hold,,,pending,
2026-09-24,12:58,Chicago,Street Player (Roiko Edit),,,pending,
2026-09-24,12:55,"Vinter, Antdot & ANY ZEE",Disco In My Head,,,pending,
2026-09-24,12:51,HARTY,There's A Party Goin' On (Extended Mix),,,pending,
2026-09-24,12:47,Sapian,Dance Now,,,pending,
2026-09-24,12:43,Sapian,TAKES ME,,,pending,
2026-09-24,12:40,Lewis Taylor,No Matter,,,pending,
2026-09-24,12:35,Sapian & Elliot Schooling,Together,,,pending,
2026-09-24,12:30,Rafael,Gotta Be Cool (Luch Remix),,,pending,
2026-09-24,12:24,The Avalanches,Can't Get Over Losing You (feat. Portraits of Tracy),,,pending,
2026-09-24,12:20,Swimming Paul,Downtown,,,pending,
2026-09-24,11:59,Mike Mago & Dragonette,Outlines,,,pending,
2026-09-24,11:54,"Paul Woolford, Diplo & Kareen Lomax",Looking For Me,,,pending,
2026-09-24,11:50,Madeon,Finale (feat. Nicholas Petricca),,,pending,
2026-09-24,11:42,Lost Frequencies,Are You With Me,,,pending,
2026-09-24,11:36,Navos,Believe Me,,,pending,
2026-09-24,11:30,Madeon,Icarus,,,pending,
2026-09-24,11:27,Celeste,Stop This Flame,,,pending,
2026-09-24,11:24,Luude & Mattafix,Big City Life,,,pending,
2026-09-24,11:22,Armand van Helden & Karen Harding,Wings (I Won't Let You Down),,,pending,
2026-09-24,11:16,Waze & Odyssey & Tommy Theo,Always,,,pending,
2026-09-24,11:14,Airwolf Paradise,Don't Hurt Me Baby,,,pending,
2026-09-24,11:11,Avicii,You Make Me,,,pending,
2026-09-24,11:08,Jess Bays,Temptation (feat. Poppy Baskcomb),,,pending,
2026-09-24,10:59,D.O.D,Sleepless,,,pending,
2026-09-24,10:49,Gaullin & Julian Perretta,Seven Nation Army,,,pending,
2026-09-24,10:47,Pete Heller,Big Love (Eat Me Edit),,,pending,
2026-09-24,10:45,Zombie Nation,Kernkraft 400,,,pending,
2026-09-24,10:36,Joel Corry & Tom Grennan,Lionheart (Fearless),,,pending,
2026-09-24,10:21,Eats Everything,Dancing (Again!) (feat. Tiga & Audion),,,pending,
2026-09-24,10:19,Aaron Smith,Dancin' (Switch Disco Remix),,,pending,
2026-09-24,10:15,The Prodigy,Voodoo People (Pendulum Remix),,,pending,
2026-09-24,10:08,Declan Knapp & Groove Armada,Superstylin',,,pending,
2026-09-24,09:58,Prospa,This Rhythm (feat. RAHH),,,pending,
2026-09-24,09:53,Vintage Culture & Gabss,Lost,,,pending,
2026-09-24,09:48,Becky Hill & Lewis Thompson,Side Effects,,,pending,
2026-09-24,09:45,Jax Jones & Calum Scott,Whistle,,,pending,
2026-09-24,09:43,Zara Larsson & David Guetta,On My Love,,,pending,
2026-09-24,09:41,"Oliver Heldens, Kryder & The Young Punx",AEIOU,,,pending,
2026-09-24,09:38,Artemas,i like the way you kiss me,,,pending,
2026-09-24,09:36,Nelly Furtado & Deborah De Luca,Say It Right (Deborah De Luca Remix),,,pending,
2026-09-24,09:25,Joel Corry & MNEK,Head & Heart,,,pending,
2026-09-24,09:22,"Sonny Fodera, D.O.D & Poppy Baskcomb",Think About Us,,,pending,
2026-09-24,09:15,Taylor Swift,Opalite (Chris Lake Remix),,,pending,
2026-09-24,09:13,David Guetta & Jaden Bojsen,Upside Down,,,pending,
2026-09-24,09:04,Nathan Dawe & Abi Flynn,Here In Your Arms,,,pending,
2026-09-24,09:03,Sam Green & Carla Monroe,Jam Inside Your Love,,,pending,
2026-09-24,09:00,Philip George & Anton Powers,Alone No More,,,pending,
2026-09-24,08:58,Coco Star,Toca's Miracle,,,pending,
2026-09-24,08:56,PPK,Resurection,,,pending,
2026-09-24,08:53,Prospa,Ecstasy (Over & Over),,,pending,
2026-09-24,08:48,Who da Funk,Shiny Disco Balls (feat. Jessica Eve),,,pending,
2026-09-24,08:33,Disclosure,You & Me (Rivo Remix) (feat. Eliza),,,pending,
2026-09-24,08:27,Coco Star,Toca's Miracle 2008,,,pending,
2026-09-24,08:18,Aluna & Riordan,Best Be Believing (feat. Caleb Laurenson & Danny P),,,pending,
2026-09-24,08:11,Spiller,Groovejet (If This Ain't Love) (feat. Sophie Ellis‐Bextor),,,pending,
2026-09-24,08:01,Sammy Virji & Skepta,Cops & Robbers,,,pending,
2026-09-24,07:40,Tita Lau & Chocolate Puma,I Wanna Be U,,,pending,
2026-09-24,07:12,Peggy Gou,It Makes You Forget (Itgehane),,,pending,
2026-09-24,06:58,Tough Love,So Freakin' Tight,,,pending,
2026-09-24,06:53,Dr. Kucho! & Gregor Salto,Can't Stop Playing (Makes Me High) (Oliver Heldens Remix) (feat. Ane Brun),,,pending,
2026-09-24,06:46,Faithless,We Come 1,,,pending,
2026-09-24,06:32,"Zerb, Ty Dolla $ign & Wiz Khalifa",Location,,,pending,
2026-09-24,06:08,Tiësto,Adagio for Strings,,,pending,
2026-09-24,05:37,Major Lazer & DJ Snake,Lean On (feat. MØ),,,pending,
2026-09-24,05:13,Carlita,One More Dance (feat. Stevie Appleton),,,pending,
2026-09-24,04:46,Olive,You’re Not Alone,,,pending,
2026-09-24,04:31,Kölsch,Der Alte,,,pending,
2026-09-24,04:19,Fred again..,Delilah (pull me out of this),,,pending,
2026-09-24,03:28,DJ Koze,Pick Up,,,pending,
2026-09-24,03:10,David Guetta,Love Is Gone (feat. Chris Willis),,,pending,
2026-09-24,01:41,Chocolate Puma,I Wanna Be U,,,pending,
2026-09-24,00:43,MPH & Skrillex,Mirage,,,pending,
